pc4,lat,lon
8513,52.938,5.815
7335,52.198,5.954
2652,51.994,4.464
6213,50.838,5.667
2993,51.851,4.498
1506,52.442,4.819
6681,51.893,5.899
4463,51.514,3.881
6815,52.004,5.907
5425,51.540,5.712
5451,51.688,5.777
8701,53.064,5.524
1841,52.614,4.821
1118,52.302,4.756
4731,51.589,4.533
4721,51.498,4.554
2065,52.389,4.685
3263,51.825,4.397
9962,53.331,6.449
3572,52.098,5.134
8503,52.960,5.777
9671,53.143,7.034
2582,52.093,4.276
7913,52.703,6.540
5382,51.706,5.439
2135,52.298,4.664
4513,51.372,3.651
4814,51.588,4.754
8483,52.830,5.872
4538,51.315,3.840
9681,53.192,7.013
2203,52.241,4.452
3116,51.910,4.394
1396,52.247,4.990
3022,51.919,4.449
7585,52.231,6.994
1065,52.357,4.828
6017,51.163,5.842
6445,50.934,5.975
4711,51.550,4.589
1062,52.355,4.838
2571,52.069,4.287
1364,52.384,5.129
8218,52.450,5.512
1058,52.358,4.851
6905,51.920,6.086
9219,53.151,6.035
6686,51.891,5.999
2542,52.037,4.267
5434,51.718,5.856
8151,52.446,6.350
9134,53.382,6.090
7576,52.314,6.904
8066,52.671,6.062
5111,51.440,4.932
2727,52.072,4.512
3421,52.026,4.869
6026,51.311,5.619
1652,52.664,4.977
5211,51.689,5.304
9441,52.847,6.672
4824,51.609,4.746
6105,51.088,5.968
5157,51.722,5.091
4771,51.648,4.660
8196,52.331,6.089
9416,52.910,6.448
2292,52.019,4.289
1825,52.657,4.752
9463,53.020,6.737
5681,51.519,5.409
2825,51.949,4.706
6901,51.929,6.077
6039,51.194,5.715
9717,53.224,6.552
2742,52.043,4.643
8232,52.507,5.469
3206,51.830,4.325
8439,52.893,6.311
5984,51.358,5.995
7511,52.220,6.901
5644,51.418,5.489
4126,51.945,5.075
6525,51.820,5.866
3088,51.875,4.446
4041,51.933,5.571
8443,52.944,5.941
7772,52.576,6.632
6099,51.190,5.917
1614,52.698,5.205
9422,52.947,6.448
9545,53.008,7.186
4205,51.842,4.966
8841,53.165,5.633
3836,52.161,5.465
3112,51.917,4.410
1722,52.691,4.808
4051,51.911,5.571
5683,51.508,5.400
6732,52.131,5.748
2241,52.148,4.409
2023,52.396,4.633
8644,53.087,5.717
5057,51.588,5.137
1074,52.354,4.904
1674,52.759,5.077
2275,52.063,4.351
7927,52.678,6.485
5051,51.522,5.064
8524,52.937,5.694
9711,53.217,6.570
7533,52.222,6.920
4501,51.327,3.492
9827,53.193,6.415
5152,51.683,5.124
4116,51.911,5.334
2441,52.197,4.756
2104,52.332,4.613
3316,51.767,4.637
8332,52.793,6.132
7688,52.429,6.539
8481,52.841,5.911
3999,51.998,5.141
8582,52.905,5.522
6831,51.958,5.893
1033,52.409,4.890
6981,52.014,6.138
2026,52.418,4.653
9636,53.165,6.862
2624,51.996,4.355
8363,52.762,5.991
4176,51.825,5.241
9751,53.174,6.611
5257,51.732,5.187
5158,51.732,5.122
9417,52.817,6.478
7095,51.890,6.497
7314,52.219,5.946
6871,51.978,5.735
9661,53.049,7.002
6301,50.865,5.826
4268,51.728,5.011
2591,52.095,4.364
1275,52.291,5.263
3712,52.115,5.265
4838,51.560,4.717
9249,53.108,6.206
7439,52.245,6.148
8618,53.015,5.601
3542,52.117,5.053
6869,51.975,5.811
8564,52.885,5.572
1654,52.703,5.027
4503,51.380,3.509
5409,51.643,5.708
4121,51.961,5.155
4907,51.657,4.869
1025,52.399,4.936
8153,52.431,6.343
9979,53.444,6.830
1452,52.465,4.953
8581,52.925,5.541
3155,51.936,4.272
5706,51.463,5.632
7433,52.270,6.198
3771,52.147,5.588
2964,51.925,4.830
9061,53.241,5.890
3903,52.009,5.555
1773,52.842,5.083
8893,53.387,5.299
7871,52.832,6.858
4707,51.519,4.461
1601,52.703,5.285
6707,51.972,5.665
6241,50.897,5.733
3292,51.717,4.584
4132,51.990,5.093
8427,52.966,6.380
2103,52.342,4.626
7002,51.972,6.312
7552,52.260,6.818
1399,52.325,5.119
9446,52.941,6.608
7031,51.961,6.206
3573,52.108,5.146
1343,52.341,5.304
6613,51.782,5.715
2713,52.055,4.485
7161,52.137,6.609
4902,51.637,4.861
3041,51.929,4.441
9964,53.359,6.420
7671,52.409,6.622
9433,52.882,6.594
7741,52.666,6.735
5156,51.723,5.138
2994,51.860,4.501
9055,53.252,5.785
3133,51.902,4.336
1329,52.368,5.274
9473,53.114,6.716
9121,53.341,6.005
1442,52.514,4.962
3446,52.083,4.907
7048,51.934,6.280
6311,50.865,5.891
4756,51.569,4.408
9733,53.239,6.622
4334,51.503,3.597
8478,52.868,5.973
9902,53.315,6.867
7792,52.559,6.675
5144,51.678,5.067
1222,52.239,5.182
6444,50.941,5.960
3125,51.932,4.404
5926,51.358,6.130
5424,51.580,5.771
5704,51.464,5.703
7548,52.202,6.796
9822,53.226,6.355
6823,52.003,5.938
5987,51.314,5.973
6822,51.991,5.922
2525,52.064,4.302
5556,51.302,5.446
9145,53.382,5.965
8011,52.512,6.092
7929,52.700,6.634
5481,51.619,5.427
7986,52.831,6.297
2552,52.054,4.248
6628,51.850,5.562
7722,52.515,6.268
2375,52.193,4.584
7951,52.646,6.212
6412,50.897,5.968
1742,52.784,4.790
9248,53.102,6.243
9713,53.225,6.581
9286,53.236,6.093
9435,52.819,6.585
3642,52.198,4.865
1973,52.455,4.601
6333,50.904,5.821
1842,52.634,4.835
1942,52.483,4.651
6141,51.012,5.838
2596,52.094,4.320
9243,53.080,6.262
6955,52.031,6.089
3602,52.137,5.059
4744,51.561,4.542
9765,53.148,6.562
8732,53.120,5.570
1061,52.374,4.839
2743,52.037,4.637
9663,53.072,6.959
2545,52.049,4.273
2406,52.130,4.667
8413,52.963,6.082
4873,51.565,4.649
9881,53.287,6.321
8811,53.223,5.592
3363,51.827,4.756
7918,52.694,6.613
9728,53.193,6.555
2728,52.075,4.522
9462,52.975,6.789
1947,52.486,4.664
8161,52.347,5.992
4522,51.324,3.663
1018,52.368,4.919
8045,52.560,6.068
8554,52.935,5.611
5291,51.615,5.355
2566,52.079,4.255
9113,53.295,6.029
6715,52.042,5.635
3343,51.837,4.634
3881,52.251,5.615
6262,50.790,5.808
8148,52.452,6.411
3085,51.873,4.489
9156,53.333,5.961
3011,51.919,4.487
6361,50.918,5.887
8373,52.767,5.897
9792,53.296,6.730
3769,52.119,5.291
3015,51.913,4.467
4624,51.485,4.305
4152,51.887,5.152
1359,52.340,5.195
8026,52.494,6.166
4033,51.943,5.516
2923,51.913,4.604
9123,53.360,6.066
3267,51.789,4.282
7686,52.477,6.567
1657,52.731,5.017
4223,51.878,4.945
2691,51.998,4.167
3081,51.893,4.487
9261,53.179,6.067
2352,52.161,4.524
4621,51.494,4.302
9745,53.219,6.507
9431,52.854,6.608
2282,52.052,4.335
8313,52.808,5.703
9993,53.333,6.646
1686,52.677,5.060
5991,51.330,6.093
7263,52.011,6.475
7794,52.547,6.577
2613,52.009,4.349
4184,51.829,5.301
5613,51.439,5.497
8351,52.824,6.220
8617,53.020,5.572
2153,52.261,4.639
2871,51.949,4.849
6129,50.996,5.772
2141,52.356,4.681
9884,53.289,6.362
2242,52.145,4.395
6443,50.941,5.976
4944,51.689,4.908
8556,52.895,5.648
5316,51.771,5.187
6431,50.926,5.931
3033,51.928,4.469
7213,52.201,6.203
4125,51.987,5.119
1693,52.735,5.147
5462,51.616,5.533
8607,53.020,5.663
1354,52.338,5.219
1508,52.458,4.823
8835,53.135,5.650
4322,51.734,3.845
8444,52.937,5.949
7934,52.752,6.502
8612,52.980,5.554
7641,52.364,6.597
5431,51.728,5.879
1454,52.432,4.954
6811,51.981,5.906
9062,53.251,5.900
2041,52.379,4.540
1105,52.298,4.956
4671,51.634,4.368
5664,51.419,5.559
9166,53.481,6.162
4442,51.524,3.979
6663,51.868,5.866
2584,52.103,4.278
7472,52.248,6.597
9903,53.318,6.847
2034,52.361,4.646
9943,53.211,6.942
4511,51.396,3.552
8212,52.513,5.504
9075,53.278,5.576
1623,52.644,5.071
9337,53.054,6.439
7783,52.608,6.672
5583,51.396,5.486
2222,52.202,4.433
7054,51.950,6.417
1541,52.461,4.804
5293,51.622,5.359
3141,51.920,4.262
8433,53.065,6.334
1812,52.614,4.759
8734,53.097,5.619
9564,52.918,7.029
1353,52.337,5.209
6237,50.920,5.765
4472,51.502,3.861
7961,52.726,6.258
7915,52.682,6.501
9257,53.223,6.004
7843,52.748,6.808
5813,51.488,5.898
7205,52.141,6.180
8844,53.116,5.633
3076,51.876,4.523
5133,51.525,5.020
6002,51.259,5.678
2987,51.893,4.580
5427,51.603,5.678
4212,51.852,5.011
1432,52.278,4.796
5915,51.357,6.187
7115,51.952,6.749
9366,53.131,6.311
5616,51.440,5.459
9072,53.296,5.653
2051,52.392,4.609
7664,52.447,6.780
8044,52.543,6.041
3584,52.085,5.164
5401,51.659,5.611
8361,52.811,5.960
6865,51.979,5.795
4245,51.913,5.048
7604,52.359,6.641
9044,53.236,5.688
7381,52.168,6.046
3045,51.947,4.450
1822,52.652,4.777
8221,52.555,5.482
3024,51.906,4.457
1829,52.633,4.776
1069,52.356,4.791
5245,51.732,5.351
2491,52.069,4.389
5666,51.424,5.572
3161,51.856,4.424
7395,52.237,6.048
6369,50.835,5.980
9356,53.166,6.362
9967,53.363,6.460
4766,51.663,4.693
3067,51.945,4.552
9284,53.217,6.161
9918,53.310,6.766
6652,51.880,5.604
8882,53.378,5.255
9623,53.239,6.715
9606,53.143,6.715
8566,52.858,5.568
7831,52.853,6.980
8842,53.167,5.605
9482,53.080,6.615
4325,51.731,3.768
9632,53.134,6.807
1447,52.492,4.968
9472,53.078,6.696
9176,53.326,5.915
9082,53.236,5.832
6627,51.826,5.536
9626,53.232,6.811
5995,51.292,6.048
8226,52.494,5.495
1060,52.349,4.784
1141,52.454,5.037
1334,52.395,5.279
3073,51.893,4.500
5688,51.507,5.311
1398,52.331,5.066
2353,52.166,4.534
9213,53.101,6.034
5263,51.661,5.280
3555,52.117,5.078
6666,51.956,5.755
2143,52.360,4.725
3273,51.787,4.473
5358,51.788,5.641
1676,52.741,5.055
6971,52.094,6.155
9085,53.180,5.834
2771,52.074,4.656
6587,51.727,5.915
9749,53.194,6.450
8409,53.033,6.140
1489,52.546,4.775
7634,52.405,6.951
6265,50.796,5.770
9001,53.093,5.837
2172,52.223,4.527
3047,51.943,4.405
9361,53.185,6.333
4354,51.579,3.615
4541,51.279,3.834
4587,51.369,4.018
9821,53.222,6.336
6133,50.988,5.860
1785,52.938,4.774
3202,51.856,4.317
4613,51.505,4.282
3138,51.925,4.327
3833,52.130,5.422
7009,51.977,6.293
8103,52.396,6.286
6181,50.950,5.768
7683,52.464,6.499
3051,51.945,4.478
6745,52.043,5.579
3581,52.090,5.134
7231,52.138,6.232
5961,51.454,6.052
4456,51.494,3.750
1906,52.572,4.695
5042,51.571,5.054
7025,51.996,6.427
6023,51.251,5.567
4881,51.470,4.660
3074,51.895,4.511
6415,50.897,5.989
5275,51.667,5.374
6093,51.251,5.893
4622,51.502,4.313
9698,53.074,7.077
9362,53.186,6.327
9106,53.315,5.951
7755,52.694,6.809
9981,53.407,6.672
3444,52.098,4.903
6825,51.983,5.963
7361,52.151,5.980
9405,52.986,6.529
9617,53.212,6.699
9445,52.946,6.655
1096,52.339,4.920
2992,51.853,4.528
2152,52.275,4.628
9825,53.184,6.296
5302,51.799,5.251
1943,52.488,4.647
7753,52.681,6.661
1338,52.388,5.279
1775,52.805,5.000
8031,52.526,6.084
3646,52.234,4.896
1975,52.462,4.595
5662,51.428,5.547
9866,53.235,6.259
3847,52.328,5.637
4885,51.453,4.582
8014,52.485,6.115
3445,52.091,4.902
3284,51.753,4.363
6219,50.864,5.688
3079,51.881,4.547
3707,52.095,5.255
8394,52.889,6.092
6626,51.825,5.471
9469,53.073,6.671
8526,52.962,5.741
6125,51.028,5.781
1404,52.276,5.162
3794,52.120,5.511
7039,51.879,6.223
5021,51.548,5.089
4909,51.646,4.906
4575,51.207,3.895
3297,51.804,4.565
1394,52.258,5.050
9909,53.391,6.839
9063,53.252,5.918
7482,52.165,6.727
9495,53.127,6.524
7416,52.258,6.174
5707,51.477,5.642
4553,51.283,3.757
6137,51.000,5.888
4854,51.567,4.828
3265,51.794,4.317
5243,51.721,5.371
4381,51.445,3.575
4436,51.410,3.851
4589,51.388,3.977
6321,50.836,5.892
7848,52.844,6.757
4727,51.538,4.343
4574,51.232,3.898
4411,51.417,4.183
8424,52.942,6.240
8926,53.214,5.842
1797,53.024,4.762
3037,51.937,4.473
1944,52.492,4.653
4651,51.583,4.320
7812,52.764,6.886
8325,52.679,5.956
9162,53.446,5.692
9321,53.146,6.496
8912,53.192,5.769
7815,52.798,6.893
7907,52.716,6.472
8244,52.497,5.419
9471,53.092,6.675
5437,51.724,5.829
9741,53.233,6.553
8105,52.405,6.365
7417,52.255,6.182
7943,52.696,6.219
2182,52.290,4.578
1744,52.765,4.750
3561,52.113,5.124
6419,50.876,5.966
8933,53.198,5.809
1625,52.656,5.054
2111,52.364,4.595
2807,52.010,4.745
8042,52.521,6.048
3201,51.849,4.329
6268,50.845,5.772
3299,51.787,4.554
2989,51.853,4.629
2692,51.998,4.164
7785,52.598,6.649
1016,52.371,4.882
8397,52.843,6.043
3985,52.023,5.244
1715,52.700,4.953
1097,52.346,4.930
9882,53.287,6.326
2821,51.972,4.769
7312,52.205,5.938
7256,52.030,6.295
1171,52.339,4.783
1358,52.334,5.261
9524,52.935,6.881
3785,52.178,5.506
7037,51.909,6.188
6986,51.995,6.134
1817,52.642,4.734
5455,51.656,5.774
2531,52.053,4.302
5366,51.820,5.562
8625,53.012,5.696
9271,53.255,6.035
2411,52.082,4.750
8563,52.889,5.615
3214,51.822,4.256
5305,51.807,5.134
9454,52.953,6.601
9956,53.393,6.513
7532,52.220,6.961
8374,52.790,5.842
7955,52.657,6.298
6524,51.835,5.865
8763,53.016,5.476
3894,52.344,5.528
4243,51.899,5.020
8468,52.998,5.877
2202,52.245,4.435
7937,52.767,6.524
5047,51.592,5.016
1121,52.430,4.914
3541,52.094,5.069
2554,52.068,4.225
3056,51.952,4.515
4013,51.883,5.380
3824,52.201,5.377
9911,53.337,6.815
7084,51.881,6.464
7113,51.984,6.762
2036,52.351,4.652
6851,51.932,5.935
1443,52.509,4.971
2254,52.129,4.436
5013,51.569,5.099
3828,52.186,5.375
2121,52.321,4.598
2977,51.904,4.898
2968,51.939,4.900
5106,51.643,4.966
5215,51.689,5.331
1079,52.342,4.903
5216,51.682,5.322
3994,52.024,5.184
1746,52.747,4.778
2465,52.195,4.671
2752,52.034,4.586
4064,51.825,5.370
3528,52.069,5.081
7796,52.581,6.574
5062,51.571,5.208
5954,51.267,6.042
7142,52.034,6.654
9502,52.991,6.972
2361,52.197,4.502
9071,53.288,5.728
5502,51.424,5.417
9861,53.212,6.275
1992,52.428,4.668
2497,52.037,4.364
9904,53.354,6.847
8264,52.558,5.893
3653,52.150,4.866
5231,51.710,5.306
7966,52.678,6.258
5595,51.349,5.552
8252,52.513,5.710
6708,51.979,5.657
8925,53.208,5.843
2295,52.015,4.256
5032,51.547,5.039
9491,53.047,6.545
7936,52.749,6.544
9161,53.444,5.639
1456,52.502,4.905
8442,52.956,5.928
8881,53.366,5.221
7765,52.672,6.989
2403,52.146,4.681
2144,52.287,4.596
3931,52.081,5.422
1441,52.502,4.953
4286,51.773,4.958
4817,51.590,4.809
5076,51.603,5.227
2971,51.871,4.779
9135,53.371,6.089
4494,51.566,3.771
2515,52.072,4.321
6703,51.968,5.680
8624,53.002,5.708
7771,52.569,6.605
4858,51.538,4.818
7609,52.334,6.641
5735,51.510,5.639
9753,53.172,6.626
9571,52.907,6.935
8774,53.038,5.549
4306,51.650,4.001
4504,51.382,3.454
3075,51.886,4.508
6911,51.891,6.039
4102,51.953,5.243
4877,51.573,4.613
3052,51.953,4.471
2211,52.261,4.494
5702,51.493,5.668
1752,52.782,4.721
9151,53.368,5.903
3523,52.072,5.124
6215,50.841,5.650
9994,53.354,6.638
9025,53.158,5.738
5254,51.710,5.198
6468,50.875,6.047
4533,51.329,3.865
4834,51.571,4.803
9951,53.331,6.522
6606,51.798,5.675
9924,53.369,6.710
3565,52.127,5.087
6351,50.819,6.005
1684,52.700,5.125
7429,52.249,6.222
5642,51.439,5.514
7903,52.733,6.507
9031,53.178,5.730
4714,51.537,4.600
5512,51.422,5.286
4826,51.609,4.784
5625,51.472,5.475
9307,53.100,6.403
9005,53.150,5.845
2201,52.232,4.444
5298,51.570,5.370
2922,51.918,4.593
1161,52.379,4.744
9973,53.337,6.341
3034,51.934,4.494
8254,52.526,5.723
6214,50.846,5.674
1145,52.473,5.040
9655,53.087,6.763
5212,51.697,5.309
5141,51.687,5.058
6251,50.807,5.766
8938,53.199,5.848
2553,52.048,4.229
4338,51.495,3.646
9474,53.102,6.750
9976,53.397,6.214
2451,52.222,4.670
3604,52.131,5.051
8267,52.587,5.908
7329,52.197,6.001
9933,53.339,6.912
6413,50.916,5.955
6029,51.352,5.618
7448,52.364,6.385
9484,53.051,6.639
9986,53.393,6.718
3545,52.078,5.067
5292,51.623,5.377
2982,51.873,4.591
4818,51.579,4.785
8315,52.748,5.847
9443,52.910,6.708
2136,52.314,4.619
9642,53.097,6.859
1114,52.329,4.928
8937,53.196,5.820
5121,51.589,4.918
2632,52.049,4.395
5408,51.645,5.660
2722,52.057,4.506
9003,53.147,5.900
7877,52.888,7.017
3721,52.121,5.187
5249,51.729,5.400
7587,52.313,6.993
1949,52.493,4.595
6462,50.854,6.069
9657,53.070,6.774
4837,51.569,4.769
5831,51.648,5.946
8805,53.166,5.518
3313,51.816,4.708
7261,52.083,6.452
7668,52.406,6.837
3882,52.255,5.586
1024,52.394,4.955
1624,52.649,5.063
9295,53.293,6.085
4891,51.517,4.698
8333,52.781,6.152
2614,52.008,4.336
4458,51.494,3.818
3331,51.819,4.642
8441,52.965,5.918
7561,52.302,6.842
1446,52.511,4.994
1831,52.673,4.754
5012,51.583,5.099
2961,51.887,4.632
6827,51.973,5.934
8362,52.754,5.964
9608,53.184,6.684
4525,51.355,3.384
9665,53.104,7.008
8715,52.883,5.364
1687,52.683,5.022
1107,52.293,4.980
2251,52.124,4.452
1451,52.480,4.924
8632,53.059,5.627
4761,51.646,4.598
8529,52.951,5.658
2912,51.965,4.607
2512,52.074,4.306
9523,52.981,6.911
9824,53.168,6.255
7695,52.534,6.662
4703,51.535,4.442
9891,53.309,6.443
3612,52.152,5.089
8913,53.201,5.781
6998,51.996,6.216
7859,52.870,6.775
8541,53.002,5.789
8124,52.332,6.208
1692,52.719,5.116
8736,53.077,5.635
5701,51.481,5.664
4061,51.846,5.382
5244,51.716,5.385
7421,52.244,6.221
9009,53.097,5.798
1333,52.396,5.265
2322,52.135,4.493
7926,52.666,6.500
7245,52.197,6.373
7555,52.262,6.771
9537,52.891,6.783
5863,51.529,6.108
3849,52.353,5.679
4171,51.827,5.132
2723,52.063,4.519
3832,52.119,5.406
1865,52.662,4.632
2952,51.856,4.670
9256,53.225,5.914
6433,50.912,5.929
1793,53.077,4.822
9153,53.353,5.932
5237,51.730,5.291
2908,51.957,4.581
2555,52.064,4.238
3147,51.935,4.241
6223,50.884,5.694
6439,50.967,5.908
6621,51.849,5.433
5221,51.724,5.258
2371,52.201,4.630
7418,52.244,6.187
3222,51.839,4.129
9201,53.114,6.095
8884,53.378,5.276
1747,52.737,4.753
2033,52.376,4.658
4208,51.834,5.012
2622,51.982,4.345
3111,51.916,4.399
9992,53.347,6.675
9457,52.983,6.609
7873,52.850,6.851
9109,53.265,6.006
8431,52.991,6.292
2593,52.086,4.342
5763,51.504,5.782
6035,51.303,5.789
3216,51.847,4.241
6659,51.879,5.470
1981,52.453,4.657
5096,51.389,5.179
1322,52.349,5.183
2312,52.161,4.493
1723,52.702,4.809
7227,52.048,6.226
1608,52.639,5.159
2521,52.064,4.319
3452,52.094,5.009
3087,51.895,4.462
9292,53.269,6.180
7396,52.279,6.091
3237,51.882,4.180
1273,52.301,5.258
4635,51.432,4.376
3251,51.807,4.027
3544,52.092,5.051
9871,53.239,6.215
8081,52.448,5.846
3225,51.833,4.162
2581,52.092,4.269
1567,52.490,4.749
3763,52.174,5.269
7949,52.688,6.267
9217,53.137,6.028
3845,52.326,5.600
9178,53.297,5.848
2612,52.018,4.364
1852,52.602,4.694
7325,52.215,6.010
5501,51.420,5.402
8144,52.437,6.193
9216,53.124,5.991
1098,52.353,4.942
8773,53.037,5.604
5812,51.505,5.948
8107,52.364,6.207
4709,51.484,4.459
8085,52.414,5.825
2678,51.977,4.249
4823,51.623,4.738
7856,52.775,6.747
5247,51.731,5.367
8456,52.968,5.977
9625,53.277,6.781
4202,51.833,4.946
4904,51.630,4.848
4882,51.484,4.650
5622,51.459,5.464
3752,52.246,5.369
1312,52.374,5.188
2533,52.050,4.290
2267,52.059,4.357
9511,53.025,6.838
3448,52.078,4.863
3846,52.358,5.633
2011,52.381,4.636
9907,53.375,6.835
4751,51.587,4.464
9727,53.205,6.550
3061,51.927,4.505
7071,51.892,6.377
4145,51.923,5.118
3927,52.074,5.539
1211,52.223,5.175
2718,52.040,4.494
3997,52.003,5.218
1617,52.685,5.133
1412,52.285,5.156
2974,51.882,4.823
2965,51.932,4.871
9915,53.368,6.775
4287,51.777,5.006
4203,51.833,4.957
5386,51.740,5.466
1488,52.542,4.798
5941,51.415,6.169
4542,51.313,3.778
7701,52.600,6.463
3119,51.922,4.394
5841,51.604,5.863
8565,52.871,5.596
5525,51.369,5.295
8637,53.109,5.692
6373,50.907,6.030
3258,51.713,4.282
4872,51.575,4.650
2342,52.177,4.455
6602,51.807,5.725
9963,53.339,6.424
3312,51.807,4.684
7251,52.105,6.318
4765,51.673,4.676
9475,53.113,6.678
6305,50.852,5.870
8814,53.189,5.604
3064,51.912,4.553
3355,51.837,4.702
9027,53.166,5.706
3922,51.989,5.486
4822,51.613,4.730
9298,53.262,6.080
6165,50.962,5.828
3811,52.156,5.388
7102,51.967,6.706
4532,51.331,3.844
6285,50.773,5.910
7734,52.506,6.369
3585,52.070,5.150
8356,52.725,5.963
5711,51.386,5.714
1095,52.367,4.952
6216,50.849,5.659
4119,51.950,5.329
4302,51.644,3.905
4383,51.457,3.571
9574,52.903,6.901
9101,53.325,6.000
2903,51.931,4.591
1075,52.352,4.859
3029,51.907,4.437
3023,51.913,4.451
1901,52.553,4.664
8403,52.978,6.039
3403,52.024,5.025
7397,52.296,6.057
9293,53.305,6.190
6841,51.969,5.898
8621,52.970,5.610
7121,51.926,6.591
4616,51.478,4.289
6862,51.983,5.846
8152,52.446,6.333
7894,52.719,7.042
7559,52.294,6.807
7351,52.122,5.897
9354,53.122,6.344
8816,53.202,5.618
7514,52.226,6.896
7316,52.229,5.964
1328,52.373,5.265
1401,52.278,5.170
2573,52.065,4.284
8372,52.737,5.948
1503,52.447,4.841
7471,52.236,6.584
2181,52.295,4.587
3415,51.982,4.865
7078,51.841,6.390
4285,51.813,4.997
7925,52.636,6.463
2544,52.044,4.257
7666,52.380,6.804
4233,51.954,4.964
3208,51.836,4.311
1718,52.717,4.938
3621,52.174,5.003
7562,52.302,6.879
5315,51.775,5.218
7431,52.289,6.151
1111,52.343,4.967
8084,52.414,5.879
4521,51.330,3.685
7974,52.775,6.184
5471,51.680,5.510
7582,52.259,7.000
9969,53.402,6.481
7788,52.631,6.653
1083,52.330,4.884
9073,53.323,5.801
5246,51.700,5.343
9736,53.249,6.601
8224,52.513,5.485
5375,51.744,5.682
9254,53.215,5.942
8479,52.859,5.948
9494,53.115,6.590
4283,51.787,5.032
9996,53.380,6.696
9251,53.194,5.993
2592,52.093,4.355
1077,52.346,4.874
3212,51.824,4.281
8303,52.709,5.735
3651,52.149,4.855
4482,51.481,3.918
5472,51.677,5.509
9862,53.221,6.307
5703,51.480,5.684
8745,53.070,5.478
4062,51.859,5.408
6422,50.845,6.003
3863,52.215,5.462
1318,52.382,5.249
5504,51.404,5.398
5306,51.817,5.091
4332,51.506,3.624
5396,51.800,5.464
9795,53.272,6.732
3774,52.152,5.672
3582,52.080,5.132
8275,52.536,6.013
9479,53.123,6.663
2021,52.393,4.643
1027,52.409,4.966
1968,52.522,4.655
8415,52.961,6.034
7423,52.254,6.208
4261,51.759,5.126
1734,52.718,4.877
8389,52.911,6.151
2665,52.012,4.537
4273,51.734,4.895
2408,52.121,4.650
4536,51.317,3.849
8293,52.567,6.006
4903,51.618,4.871
7119,51.966,6.661
3898,52.377,5.589
1696,52.669,5.116
4194,51.869,5.285
4382,51.452,3.570
3648,52.198,4.893
1781,52.956,4.768
7005,51.956,6.295
7605,52.350,6.654
9404,52.987,6.576
9906,53.382,6.861
3248,51.769,4.071
5443,51.690,5.862
8551,52.942,5.629
4235,51.957,4.951
1834,52.660,4.786
7091,51.865,6.487
5851,51.635,6.016
8241,52.539,5.457
2514,52.085,4.310
2263,52.097,4.400
5234,51.725,5.288
9678,53.146,6.988
9573,52.934,6.949
1057,52.368,4.855
9535,52.895,6.738
5406,51.653,5.620
5447,51.658,5.887
9122,53.350,6.034
8162,52.349,5.970
5953,51.283,6.079
8312,52.765,5.658
6131,50.999,5.866
5802,51.522,5.987
8281,52.621,6.040
6531,51.830,5.849
3065,51.925,4.552
6063,51.136,6.083
3533,52.087,5.086
5341,51.768,5.521
1444,52.523,4.963
1036,52.408,4.903
1186,52.286,4.867
6171,50.969,5.768
8485,52.848,5.882
1551,52.453,4.775
4122,51.942,5.137
9091,53.264,5.839
9974,53.339,6.304
9004,53.162,5.865
9521,52.964,6.943
8302,52.719,5.744
7003,51.963,6.306
4551,51.233,3.797
1406,52.270,5.155
1102,52.317,4.952
3703,52.080,5.227
6199,50.921,5.778
2493,52.061,4.398
2252,52.125,4.439
1055,52.380,4.852
6975,52.135,6.128
9057,53.233,5.785
7909,52.723,6.453
4142,51.889,5.081
6307,50.829,5.844
1716,52.706,4.946
2726,52.068,4.488
9108,53.273,5.994
4255,51.774,4.920
5213,51.695,5.326
5172,51.652,5.022
7813,52.757,6.865
7911,52.721,6.569
1113,52.349,4.981
7855,52.782,6.691
8855,53.218,5.485
2626,51.979,4.359
2953,51.871,4.646
8538,52.841,5.796
8822,53.129,5.478
8041,52.512,6.068
5089,51.497,5.207
2671,51.994,4.207
2377,52.212,4.643
6082,51.233,5.978
2623,51.984,4.361
4661,51.528,4.277
7463,52.311,6.496
7483,52.167,6.735
8628,53.054,5.695
8914,53.203,5.770
4001,51.886,5.431
1536,52.530,4.781
9883,53.302,6.394
6295,50.785,5.990
5266,51.661,5.234
8376,52.808,5.920
6225,50.862,5.732
7912,52.729,6.565
4706,51.527,4.492
9744,53.206,6.505
8512,52.981,5.774
2421,52.149,4.774
8772,53.048,5.610
2523,52.057,4.319
6134,50.991,5.851
5272,51.643,5.360
5262,51.644,5.284
8934,53.192,5.807
7134,51.986,6.613
6111,51.114,5.900
1663,52.722,4.999
4316,51.714,3.950
6595,51.705,5.987
4875,51.571,4.631
5817,51.564,6.004
2022,52.402,4.650
3335,51.821,4.612
8467,53.001,5.857
8121,52.337,6.117
3742,52.207,5.299
8895,53.395,5.327
7924,52.664,6.376
9403,53.015,6.586
8316,52.709,5.868
4265,51.736,5.086
9074,53.305,5.784
5391,51.726,5.437
4704,51.555,4.465
1436,52.274,4.753
7201,52.141,6.198
8266,52.543,5.924
2266,52.084,4.420
5331,51.771,5.333
8307,52.639,5.827
2082,52.419,4.630
5807,51.528,6.017
4825,51.613,4.770
2409,52.105,4.646
5392,51.731,5.427
4389,51.457,3.646
8458,52.999,5.945
8702,53.069,5.536
9794,53.301,6.710
3765,52.170,5.291
5022,51.541,5.093
4063,51.816,5.351
7104,52.011,6.703
2012,52.371,4.630
9925,53.376,6.712
9436,52.799,6.612
1331,52.418,5.268
5041,51.565,5.078
5865,51.495,6.094
9461,53.003,6.767
2064,52.412,4.688
6673,51.909,5.727
7226,52.077,6.183
7581,52.264,7.007
6289,50.841,5.919
1026,52.379,4.990
3953,52.055,5.411
9972,53.342,6.328
8614,52.992,5.550
6454,50.980,5.941
9171,53.352,5.864
5347,51.779,5.538
5063,51.581,5.171
3134,51.909,4.351
2712,52.051,4.499
5354,51.815,5.630
6991,52.005,6.029
3405,52.007,4.977
7137,52.011,6.595
1184,52.298,4.896
6222,50.865,5.712
1072,52.353,4.890
6599,51.713,6.022
7932,52.707,6.384
4762,51.640,4.610
4908,51.664,4.865
7412,52.264,6.142
9301,53.138,6.422
9341,53.034,6.398
2404,52.135,4.649
9601,53.164,6.759
1902,52.549,4.679
6211,50.850,5.688
4855,51.514,4.774
1749,52.721,4.734
9977,53.388,6.390
4561,51.284,4.054
5657,51.451,5.401
9687,53.190,7.162
8317,52.660,5.902
5361,51.756,5.738
9948,53.300,7.034
8239,52.483,5.487
8256,52.444,5.703
8574,52.869,5.458
7651,52.408,6.786
6932,51.948,5.977
8082,52.450,5.864
3465,52.043,4.800
3453,52.082,5.015
9464,53.034,6.785
9966,53.336,6.377
2212,52.269,4.491
9233,53.161,6.140
4524,51.307,3.388
4326,51.732,3.799
4352,51.544,3.626
5808,51.510,6.034
7108,51.930,6.716
5738,51.541,5.571
7944,52.685,6.181
4701,51.533,4.459
4486,51.599,3.846
8396,52.848,6.052
8476,52.905,6.032
1771,52.851,5.033
2931,51.897,4.626
8022,52.521,6.109
9864,53.181,6.244
9563,52.915,7.049
4386,51.467,3.579
4584,51.336,4.038
3135,51.917,4.356
6916,51.855,6.103
2565,52.077,4.263
2101,52.352,4.619
5395,51.798,5.494
5492,51.557,5.457
9675,53.154,7.032
6414,50.921,5.970
2331,52.151,4.451
4641,51.395,4.331
3356,51.831,4.718
9215,53.093,5.958
1862,52.670,4.714
1314,52.380,5.212
6988,51.990,6.034
4105,51.950,5.210
7662,52.438,6.881
8484,52.847,5.844
8013,52.496,6.123
2631,52.044,4.396
6866,51.981,5.752
8812,53.206,5.595
7777,52.647,6.554
1064,52.374,4.822
1827,52.669,4.765
6654,51.880,5.633
8193,52.396,6.110
5756,51.446,5.757
9314,53.156,6.453
8406,53.033,5.988
2281,52.058,4.341
3521,52.083,5.111
9223,53.152,6.143
8032,52.532,6.100
8516,52.903,5.746
9453,52.964,6.615
5715,51.421,5.680
6136,51.007,5.872
7206,52.124,6.200
9851,53.274,6.230
4437,51.392,3.817
6523,51.832,5.884
6824,51.991,5.936
8723,52.914,5.450
9456,52.958,6.583
7957,52.673,6.292
1214,52.214,5.169
6604,51.822,5.739
2061,52.408,4.621
1041,52.413,4.837
3844,52.338,5.610
8613,52.988,5.519
3784,52.164,5.521
5505,51.410,5.389
4444,51.471,3.875
6176,50.940,5.839
9175,53.321,5.890
3027,51.917,4.436
5712,51.366,5.715
2625,51.992,4.342
6584,51.768,5.874
9784,53.275,6.587
1274,52.299,5.270
2156,52.222,4.645
8832,53.161,5.667
8571,52.896,5.553
2262,52.091,4.388
8395,52.856,6.078
1784,52.939,4.744
9697,53.108,7.075
5976,51.416,5.998
4357,51.561,3.496
9177,53.309,5.874
9781,53.300,6.602
8603,53.041,5.667
1472,52.535,5.016
2851,52.001,4.777
5993,51.361,6.047
6465,50.850,6.024
9965,53.359,6.380
2402,52.147,4.668
4371,51.479,3.548
4588,51.386,4.018
8567,52.851,5.533
9961,53.349,6.465
4874,51.577,4.627
3434,52.008,5.087
8862,53.166,5.435
7216,52.226,6.309
1636,52.601,4.889
8423,52.978,6.221
6653,51.888,5.667
2685,52.025,4.221
1156,52.460,5.106
6836,51.943,5.894
6074,51.160,6.017
2161,52.257,4.556
9437,52.811,6.629
9174,53.324,5.875
2636,51.975,4.318
4021,51.961,5.423
8371,52.761,6.018
3534,52.101,5.083
3605,52.137,5.027
5428,51.609,5.736
8501,52.965,5.800
1362,52.353,5.168
1189,52.259,4.871
1483,52.556,4.846
6572,51.823,5.918
5101,51.626,4.925
3962,51.980,5.340
3089,51.892,4.421
1768,52.787,4.857
5422,51.561,5.700
5575,51.289,5.321
4884,51.445,4.635
4583,51.315,4.041
5563,51.331,5.408
5864,51.512,6.086
2684,52.030,4.168
7531,52.229,6.916
3083,51.888,4.483
9901,53.323,6.856
9205,53.093,6.058
5507,51.422,5.369
9503,52.990,6.944
9804,53.261,6.395
5861,51.536,6.076
1043,52.388,4.834
1751,52.804,4.756
8469,52.990,5.885
8263,52.565,5.884
2032,52.379,4.653
2019,52.381,4.634
7322,52.221,5.984
4564,51.262,4.050
8584,52.881,5.459
3069,51.965,4.551
9633,53.143,6.825
5653,51.424,5.445
9841,53.268,6.347
2071,52.434,4.642
4715,51.531,4.556
2155,52.232,4.671
1935,52.595,4.654
6291,50.772,6.015
1094,52.363,4.936
2991,51.852,4.546
7575,52.298,6.923
1816,52.632,4.725
8486,52.872,5.922
2587,52.111,4.290
9785,53.262,6.593
1607,52.660,5.186
2498,52.033,4.383
1824,52.645,4.755
5094,51.408,5.149
5647,51.422,5.523
6469,50.892,6.046
7513,52.215,6.883
4424,51.517,3.996
7814,52.801,6.898
4926,51.709,4.700
5145,51.699,5.053
7241,52.158,6.410
8245,52.493,5.456
9761,53.137,6.563
1741,52.791,4.801
5342,51.757,5.533
5927,51.376,6.116
2391,52.094,4.594
8743,53.082,5.524
4104,51.942,5.214
4722,51.498,4.572
4878,51.566,4.608
7892,52.732,6.970
6813,51.992,5.882
7775,52.614,6.577
3404,52.011,5.040
1945,52.496,4.663
6996,52.014,6.179
8387,52.892,6.219
3435,52.023,5.074
6923,51.930,6.026
9218,53.133,6.059
1966,52.497,4.681
3232,51.895,4.163
3776,52.187,5.686
9525,52.967,6.856
5125,51.575,4.957
3123,51.942,4.368
4725,51.484,4.394
5524,51.377,5.354
5252,51.699,5.209
2532,52.048,4.297
7327,52.189,5.997
8322,52.664,5.630
9154,53.345,5.944
9747,53.242,6.533
4455,51.469,3.739
8611,52.966,5.540
9155,53.326,5.945
9842,53.267,6.340
1034,52.408,4.917
4493,51.578,3.691
9488,53.034,6.519
9467,53.047,6.704
2288,52.033,4.334
4645,51.363,4.396
3336,51.809,4.615
1131,52.498,5.071
3615,52.151,5.124
8242,52.520,5.448
3364,51.829,4.776
1921,52.562,4.733
8766,53.019,5.207
1622,52.640,5.034
5313,51.808,5.177
8601,53.032,5.651
3632,52.212,5.022
9978,53.387,6.353
3291,51.744,4.551
7637,52.422,6.911
9406,53.002,6.543
3221,51.831,4.124
4308,51.676,4.034
7846,52.791,6.802
1361,52.342,5.142
5652,51.439,5.438
9988,53.404,6.612
6902,51.932,6.092
5441,51.698,5.933
3315,51.803,4.722
8749,53.116,5.438
9026,53.165,5.741
5855,51.558,6.090
7607,52.355,6.668
4374,51.504,3.484
7554,52.229,6.763
9797,53.269,6.651
8891,53.388,5.286
2273,52.079,4.359
5508,51.429,5.390
6917,51.850,6.148
2264,52.089,4.397
9682,53.199,7.047
4625,51.475,4.306
8294,52.577,6.041
8335,52.809,6.079
9672,53.143,7.050
5438,51.739,5.779
9975,53.362,6.294
5421,51.557,5.690
9163,53.448,5.773
8534,52.866,5.727
3704,52.087,5.217
7667,52.385,6.843
9263,53.165,5.971
5346,51.777,5.515
3447,52.078,4.891
2134,52.312,4.647
4111,51.942,5.309
8343,52.777,6.112
4007,51.870,5.400
2735,52.091,4.530
9921,53.322,6.695
9536,52.908,6.814
3209,51.825,4.344
6229,50.830,5.708
4615,51.485,4.288
5143,51.681,5.084
9202,53.109,6.116
4724,51.522,4.390
1054,52.362,4.867
3764,52.178,5.303
6651,51.888,5.603
3192,51.854,4.362
7685,52.496,6.572
5731,51.441,5.618
5131,51.483,4.958
7627,52.312,6.657
8713,52.941,5.403
9447,52.946,6.713
9468,53.058,6.720
1127,52.455,4.909
5352,51.801,5.627
8535,52.885,5.736
5667,51.431,5.565
9631,53.110,6.824
8064,52.642,6.073
4269,51.745,5.021
8852,53.251,5.558
9528,52.932,6.836
9011,53.078,5.793
8871,53.183,5.467
6578,51.839,5.992
6561,51.784,5.929
9771,53.294,6.536
7207,52.125,6.232
7615,52.384,6.718
9203,53.102,6.098
1671,52.767,5.105
9458,52.995,6.631
6541,51.848,5.844
3709,52.068,5.251
3474,52.116,4.835
3901,52.024,5.557
7736,52.511,6.544
9534,52.906,6.762
7536,52.186,6.926
3412,51.988,5.037
8265,52.547,5.905
1476,52.597,5.016
9485,53.034,6.622
9413,52.849,6.511
1103,52.323,4.972
5541,51.361,5.164
6532,51.825,5.836
7782,52.651,6.624
7687,52.442,6.579
6984,52.022,6.159
2995,51.835,4.566
5764,51.549,5.814
9336,53.017,6.480
8342,52.806,6.033
4791,51.665,4.534
8251,52.522,5.727
6019,51.162,5.880
4005,51.894,5.444
1609,52.640,5.197
4004,51.910,5.438
1681,52.705,5.148
8804,53.157,5.564
6861,51.991,5.839
6731,52.099,5.771
8737,53.078,5.603
9688,53.209,7.182
7553,52.255,6.790
7854,52.794,6.714
4586,51.342,4.056
4017,51.887,5.396
3176,51.863,4.398
5856,51.535,6.143
9246,53.068,6.106
1045,52.410,4.799
8428,52.989,6.341
1335,52.404,5.292
1786,52.920,4.786
1634,52.622,5.013
1042,52.405,4.834
5017,51.555,5.098
1321,52.358,5.182
3381,51.849,4.885
4705,51.547,4.485
6446,50.934,5.943
9624,53.251,6.739
8463,52.927,5.849
5043,51.581,5.015
8896,53.397,5.342
8095,52.443,5.951
5126,51.544,4.939
3749,52.181,5.222
4175,51.819,5.212
1789,52.953,4.728
2025,52.415,4.649
7823,52.792,6.939
7542,52.193,6.901
9432,52.866,6.636
5708,51.473,5.615
4147,51.881,5.109
7797,52.575,6.539
7876,52.881,6.960
3224,51.827,4.148
8475,52.914,6.080
6224,50.850,5.712
8759,53.056,5.464
9285,53.250,6.146
1216,52.218,5.142
7881,52.809,7.034
4576,51.232,3.966
8051,52.472,6.061
8935,53.187,5.816
8024,52.523,6.136
1068,52.359,4.805
9296,53.277,6.089
1323,52.366,5.195
7426,52.254,6.248
7233,52.103,6.245
9968,53.400,6.448
3417,52.044,4.952
7845,52.723,6.806
3603,52.139,5.038
5633,51.490,5.495
4861,51.506,4.864
7109,51.943,6.666
4567,51.269,4.089
4581,51.325,3.977
6471,50.893,6.059
5045,51.585,4.994
1647,52.641,4.999
5674,51.476,5.546
6102,51.096,5.892
9415,52.896,6.491
7825,52.756,6.935
5059,51.574,5.156
1779,52.933,5.027
9078,53.304,5.714
6974,52.075,6.139
1628,52.653,5.094
5914,51.380,6.177
2719,52.042,4.474
3132,51.911,4.317
8405,52.996,5.981
9012,53.098,5.759
7051,51.944,6.459
6997,52.005,6.203
1661,52.734,4.985
2904,51.933,4.607
3136,51.929,4.351
2332,52.159,4.464
3042,51.934,4.432
2541,52.046,4.277
7901,52.726,6.473
1703,52.659,4.826
3271,51.798,4.486
8331,52.785,6.117
2015,52.383,4.611
6741,52.091,5.622
9024,53.147,5.743
2291,52.024,4.275
6043,51.188,6.009
2396,52.133,4.602
8919,53.220,5.781
9142,53.404,6.079
8146,52.468,6.366
3564,52.123,5.106
7861,52.755,6.722
3431,52.032,5.084
5015,51.569,5.112
8015,52.470,6.122
6143,51.014,5.819
8764,53.023,5.492
2351,52.148,4.531
2729,52.064,4.535
7849,52.862,6.744
9363,53.143,6.263
4941,51.697,4.875
8072,52.384,5.801
8309,52.679,5.670
1735,52.740,4.856
1813,52.620,4.753
4206,51.842,4.982
7157,52.096,6.724
1063,52.381,4.826
2597,52.102,4.319
8633,53.042,5.632
6571,51.823,5.912
1351,52.348,5.219
1873,52.722,4.668
4012,51.899,5.380
7497,52.223,6.686
5114,51.420,4.786
2803,52.024,4.697
9646,53.113,6.866
5931,51.344,6.140
4307,51.651,4.037
3247,51.748,4.100
7614,52.381,6.707
3772,52.132,5.582
8425,52.964,6.285
6021,51.272,5.576
3821,52.175,5.417
1458,52.531,4.841
4562,51.275,4.069
6077,51.142,6.001
2261,52.097,4.389
3062,51.923,4.519
9501,52.994,6.950
6075,51.156,6.069
8012,52.505,6.104
3078,51.890,4.548
1032,52.396,4.912
7661,52.433,6.831
2343,52.191,4.476
8222,52.534,5.492
4451,51.474,3.812
6212,50.838,5.690
5258,51.677,5.404
2981,51.868,4.596
5281,51.586,5.321
4157,51.881,5.212
5349,51.762,5.553
4053,51.908,5.533
6027,51.302,5.576
2914,51.972,4.617
3531,52.091,5.096
4465,51.521,3.905
5555,51.350,5.471
1847,52.598,4.779
1911,52.525,4.708
4614,51.508,4.294
4214,51.827,5.053
3911,51.966,5.570
6245,50.779,5.713
9408,53.003,6.512
3981,52.067,5.198
3818,52.145,5.370
5314,51.786,5.237
1974,52.450,4.592
5398,51.791,5.389
2526,52.068,4.308
8892,53.378,5.293
3464,52.048,4.856
4251,51.808,4.893
1814,52.622,4.743
7076,51.887,6.357
3762,52.179,5.281
6706,51.975,5.676
9971,53.359,6.335
1462,52.549,4.915
2801,52.012,4.708
2694,52.007,4.166
8735,53.101,5.645
9053,53.279,5.757
5049,51.589,5.075
6049,51.177,5.964
2116,52.365,4.572
1448,52.498,4.938
2959,51.901,4.750
1711,52.657,4.882
4054,51.910,5.492
6581,51.782,5.855
1317,52.389,5.234
3895,52.348,5.516
1108,52.308,4.981
5301,51.807,5.247
5509,51.432,5.404
7156,52.064,6.565
7917,52.729,6.628
2954,51.872,4.661
3611,52.129,5.068
8765,53.041,5.502
7971,52.774,6.237
4911,51.657,4.812
1076,52.345,4.861
7864,52.724,6.673
1421,52.239,4.823
7884,52.755,7.044
6124,51.042,5.784
8528,52.955,5.709
9649,53.134,6.869
9723,53.211,6.599
6909,51.907,6.118
2806,52.013,4.722
3522,52.073,5.115
9512,53.049,6.844
9355,53.191,6.387
8615,53.023,5.532
1754,52.751,4.696
6235,50.905,5.780
3205,51.834,4.343
3082,51.890,4.467
8225,52.503,5.490
4527,51.275,3.444
8647,53.067,5.720
7541,52.209,6.903
7822,52.791,6.904
6716,52.022,5.638
7422,52.247,6.211
8721,52.877,5.408
2811,52.047,4.722
5318,51.748,5.169
3814,52.162,5.398
7382,52.173,6.072
7211,52.168,6.227
1648,52.629,4.949
9112,53.292,5.875
1363,52.352,5.149
1181,52.310,4.863
4351,51.544,3.661
4845,51.665,4.749
8605,53.033,5.672
1355,52.343,5.227
8437,52.921,6.254
7383,52.172,6.137
9527,52.948,6.818
9805,53.241,6.391
9845,53.265,6.250
4664,51.550,4.276
8181,52.389,6.038
9716,53.234,6.562
3025,51.909,4.443
1474,52.572,4.997
9054,53.291,5.766
3524,52.063,5.136
2595,52.082,4.333
2926,51.910,4.608
1777,52.909,4.964
8604,53.037,5.681
9641,53.104,6.877
7333,52.189,5.971
2572,52.064,4.294
8851,53.238,5.547
2872,51.948,4.870
9724,53.212,6.578
7521,52.229,6.862
4174,51.828,5.177
5122,51.590,4.929
5371,51.794,5.649
1339,52.396,5.302
1023,52.390,4.947
2985,51.863,4.602
3907,52.022,5.583
6243,50.923,5.750
7636,52.391,6.890
2317,52.176,4.509
8809,53.215,5.563
3773,52.138,5.606
6551,51.856,5.813
7523,52.236,6.895
7824,52.781,6.930
7707,52.603,6.382
8097,52.466,5.895
1424,52.239,4.789
8167,52.345,6.047
1185,52.294,4.853
4819,51.575,4.769
1844,52.581,4.808
8388,52.896,6.166
1791,53.057,4.795
4221,51.877,4.977
6617,51.853,5.666
3871,52.175,5.460
2142,52.334,4.636
6463,50.873,6.067
4002,51.895,5.422
2105,52.348,4.606
5324,51.750,5.220
9342,53.085,6.381
4421,51.483,3.961
2513,52.079,4.301
3633,52.232,5.033
1051,52.382,4.872
3262,51.821,4.406
4508,51.315,3.555
8101,52.383,6.264
5823,51.571,6.033
5826,51.608,5.996
5151,51.686,5.136
8314,52.770,5.754
9635,53.195,6.870
1327,52.360,5.259
3829,52.187,5.430
1013,52.388,4.884
6067,51.155,5.938
9721,53.195,6.573
4839,51.584,4.711
1383,52.299,5.043
7218,52.162,6.299
2662,51.990,4.491
9294,53.284,6.115
7606,52.345,6.652
1931,52.618,4.626
5751,51.461,5.795
2721,52.058,4.543
2906,51.935,4.568
3989,51.992,5.139
7737,52.547,6.499
9037,53.216,5.623
9306,53.112,6.432
8911,53.202,5.797
7462,52.303,6.508
4211,51.856,5.013
2725,52.073,4.498
5661,51.412,5.541
2522,52.060,4.327
8253,52.538,5.699
1261,52.281,5.258
3068,51.960,4.554
3634,52.228,5.001
9735,53.238,6.604
8823,53.126,5.531
2681,52.026,4.176
3318,51.788,4.680
5866,51.493,6.119
4151,51.885,5.134
6668,51.951,5.707
9944,53.244,6.981
6721,52.003,5.674
6247,50.807,5.730
2412,52.076,4.763
3551,52.102,5.098
6713,52.037,5.658
6271,50.814,5.888
6601,51.814,5.721
1642,52.650,4.949
3204,51.839,4.324
7384,52.216,6.120
5074,51.622,5.180
5482,51.621,5.442
6034,51.277,5.783
6081,51.234,5.955
9746,53.236,6.516
8748,53.102,5.469
7732,52.534,6.440
8821,53.141,5.436
5581,51.389,5.444
1815,52.632,4.737
5066,51.544,5.182
7948,52.734,6.166
8255,52.569,5.642
4816,51.599,4.792
3815,52.166,5.410
9402,53.004,6.559
1473,52.563,5.027
5367,51.805,5.544
2594,52.092,4.342
6616,51.833,5.681
6353,50.818,5.973
8641,53.095,5.658
9487,53.027,6.545
3281,51.733,4.440
9581,52.938,7.009
7702,52.592,6.453
4387,51.471,3.592
8542,53.013,5.786
1501,52.438,4.833
3329,51.788,4.719
9421,52.978,6.480
1135,52.511,5.052
1961,52.511,4.671
9674,53.146,7.019
7151,52.099,6.641
4364,51.533,3.563
4876,51.562,4.635
1934,52.624,4.655
3443,52.089,4.874
6096,51.195,5.858
2316,52.167,4.496
9955,53.369,6.518
1851,52.598,4.711
5154,51.700,5.140
4031,51.962,5.486
8771,53.051,5.577
3366,51.845,4.765
5261,51.657,5.296
9401,52.994,6.562
8921,53.205,5.811
8573,52.858,5.463
8508,52.876,5.830
3553,52.109,5.088
5467,51.624,5.558
2221,52.209,4.420
2265,52.084,4.399
8347,52.824,6.136
2158,52.221,4.560
3371,51.826,4.832
1423,52.233,4.817
2731,52.077,4.547
3862,52.215,5.503
9686,53.174,7.094
9492,53.049,6.579
9714,53.230,6.573
7735,52.540,6.462
8626,53.030,5.720
7224,52.054,6.149
9796,53.298,6.665
2154,52.240,4.682
6718,52.053,5.641
3451,52.106,5.013
7906,52.716,6.485
1431,52.263,4.757
2132,52.299,4.696
7221,52.065,6.187
1753,52.789,4.697
6826,51.982,5.949
4836,51.532,4.759
4847,51.610,4.822
6546,51.833,5.785
9673,53.136,7.032
3705,52.098,5.238
3437,52.048,5.076
3738,52.155,5.176
6575,51.842,5.937
3244,51.712,4.156
2163,52.266,4.561
5816,51.547,5.867
4585,51.341,3.996
7779,52.639,6.683
9245,53.068,6.000
3511,52.088,5.118
3413,51.970,4.976
7958,52.703,6.324
3342,51.845,4.628
9651,53.137,6.924
5624,51.470,5.457
9367,53.118,6.259
9034,53.211,5.727
5973,51.459,6.154
9801,53.246,6.402
5612,51.448,5.473
4844,51.643,4.754
4543,51.316,3.915
1316,52.386,5.222
1132,52.502,5.060
6915,51.862,6.116
7364,52.161,5.996
1119,52.279,4.755
8043,52.534,6.057
2114,52.321,4.577
7573,52.314,6.935
7874,52.842,6.795
3841,52.349,5.622
6221,50.847,5.703
4003,51.894,5.415
9043,53.251,5.624
7973,52.775,6.205
1402,52.272,5.174
1082,52.331,4.874
2831,51.985,4.679
6088,51.267,5.926
3211,51.861,4.262
2855,51.976,4.821
8381,52.856,6.208
4827,51.607,4.797
5551,51.356,5.431
1325,52.367,5.237
3971,52.057,5.288
3235,51.874,4.072
4856,51.510,4.796
6642,51.852,5.763
9172,53.338,5.826
5692,51.519,5.480
7852,52.815,6.719
1326,52.369,5.252
6533,51.815,5.846
6834,51.956,5.923
8094,52.473,6.020
7425,52.260,6.227
8522,52.907,5.680
5632,51.477,5.496
9732,53.234,6.620
1757,52.831,4.807
9438,52.820,6.624
8321,52.663,5.609
2693,52.000,4.179
4401,51.492,4.047
5268,51.634,5.227
9648,53.079,6.861
1963,52.518,4.686
3227,51.827,4.191
8233,52.501,5.476
9493,53.112,6.605
6577,51.850,5.958
5445,51.619,5.786
4735,51.557,4.516
5109,51.658,4.944
9743,53.226,6.529
5374,51.743,5.633
8025,52.509,6.123
5872,51.484,6.160
5862,51.551,6.048
5435,51.712,5.910
1971,52.458,4.625
8623,52.996,5.649
3961,51.973,5.331
5241,51.718,5.358
5282,51.597,5.313
8033,52.535,6.110
7478,52.198,6.561
8897,53.404,5.378
6678,51.879,5.825
1463,52.586,4.936
2165,52.256,4.574
3036,51.937,4.483
1028,52.401,5.007
7424,52.263,6.217
4284,51.798,5.023
7546,52.193,6.853
5124,51.569,4.886
1435,52.260,4.713
5224,51.698,5.260
2629,51.988,4.378
9997,53.387,6.680
6261,50.782,5.793
1183,52.310,4.877
6691,51.878,5.968
3218,51.865,4.240
9221,53.145,6.103
8408,53.017,6.095
8341,52.803,6.062
3739,52.175,5.175
6228,50.827,5.725
2235,52.178,4.437
1271,52.300,5.238
9605,53.114,6.777
8521,52.925,5.742
6051,51.143,5.891
2157,52.233,4.593
9418,52.814,6.518
1212,52.217,5.196
1697,52.637,5.122
6132,50.992,5.886
8337,52.824,6.082
3252,51.821,3.983
5105,51.615,4.973
3181,51.905,4.246
6564,51.817,5.885
4566,51.250,4.024
9892,53.305,6.468
3317,51.791,4.661
1015,52.378,4.884
9922,53.345,6.710
2761,52.008,4.584
3886,52.232,5.708
6441,50.950,5.967
6603,51.802,5.754
1627,52.642,5.098
1221,52.228,5.187
1643,52.658,4.942
1277,52.297,5.280
9291,53.280,6.149
3233,51.912,4.103
2627,51.998,4.363
9942,53.224,6.948
5103,51.630,4.950
3861,52.227,5.476
5433,51.750,5.865
4112,51.950,5.290
6464,50.881,6.070
2969,51.858,4.705
1223,52.228,5.198
2159,52.213,4.561
9695,53.109,7.164
7001,51.966,6.291
9452,52.974,6.624
7557,52.271,6.811
4011,51.917,5.408
6522,51.841,5.882
1713,52.675,4.903
5758,51.369,5.866
3775,52.187,5.784
8034,52.536,6.125
6545,51.832,5.801
6705,51.989,5.695
8757,53.018,5.414
9947,53.296,7.046
6644,51.867,5.733
3361,51.820,4.772
7645,52.392,6.563
8338,52.825,6.062
2333,52.169,4.473
7435,52.294,6.319
3607,52.136,5.018
8482,52.818,5.876
1252,52.246,5.235
3893,52.337,5.518
6538,51.816,5.805
9331,53.069,6.457
3834,52.127,5.437
4813,51.575,4.740
9734,53.235,6.621
7132,51.980,6.553
3532,52.095,5.094
7826,52.771,6.959
4812,51.576,4.754
2382,52.142,4.526
2635,52.002,4.328
1381,52.304,5.045
4106,51.947,5.194
3823,52.189,5.394
4181,51.834,5.255
6612,51.772,5.747
7339,52.185,5.938
3286,51.771,4.447
9731,53.235,6.590
7694,52.499,6.672
6011,51.219,5.795
9551,52.950,7.137
5175,51.627,5.075
9644,53.093,6.914
9343,53.083,6.334
8422,52.960,6.183
1213,52.212,5.180
5527,51.364,5.257
1525,52.517,4.783
6709,51.969,5.648
5921,51.367,6.148
4155,51.876,5.154
5821,51.596,6.007
4741,51.579,4.579
3992,52.036,5.154
2913,51.979,4.606
2805,52.021,4.719
3515,52.104,5.117
1706,52.668,4.864
7776,52.628,6.555
3243,51.736,4.239
5048,51.587,5.052
9287,53.241,6.049
5614,51.428,5.492
2394,52.128,4.589
9114,53.297,6.048
7742,52.659,6.754
5161,51.675,5.019
7491,52.259,6.711
4694,51.545,4.101
4191,51.881,5.294
5333,51.756,5.331
1704,52.676,4.825
4726,51.518,4.361
6286,50.810,5.938
9985,53.403,6.752
9584,52.958,7.043
6961,52.104,6.056
5694,51.518,5.512
4305,51.627,3.986
7008,51.972,6.271
8071,52.378,5.777
1832,52.685,4.739
3203,51.842,4.339
5761,51.503,5.736
7711,52.581,6.279
3195,51.889,4.388
6941,51.947,6.129
2642,52.011,4.449
7675,52.468,6.702
2716,52.057,4.465
9886,53.314,6.419
6341,50.864,5.870
4441,51.430,3.818
4133,51.983,5.079
7021,52.008,6.346
3625,52.176,5.069
9313,53.154,6.428
8457,53.017,5.964
8917,53.209,5.792
9659,53.058,6.833
4115,51.930,5.315
7981,52.857,6.319
8466,52.961,5.896
1056,52.373,4.856
3608,52.125,5.031
9087,53.153,5.821
7904,52.724,6.512
4631,51.427,4.328
6466,50.859,6.027
6151,50.975,5.864
2445,52.141,4.727
8754,53.056,5.400
2323,52.135,4.480
5423,51.579,5.714
1262,52.294,5.283
9033,53.192,5.725
1017,52.363,4.892
1218,52.271,5.137
8392,52.910,6.201
4531,51.337,3.828
4043,51.931,5.629
1701,52.673,4.850
5454,51.678,5.808
2986,51.863,4.617
3514,52.100,5.120
8751,53.111,5.394
5629,51.488,5.473
9439,52.823,6.660
3817,52.145,5.389
5357,51.776,5.672
7035,51.938,6.234
9934,53.329,6.917
8553,52.948,5.621
7791,52.572,6.713
7275,52.170,6.526
7635,52.428,6.979
8191,52.429,6.073
1531,52.497,4.810
2983,51.884,4.606
4554,51.234,3.829
4356,51.571,3.549
7841,52.770,6.802
4213,51.827,5.010
9305,53.114,6.421
4611,51.495,4.286
8378,52.812,6.004
9359,53.197,6.338
9742,53.229,6.541
9056,53.244,5.779
9959,53.334,6.587
7885,52.746,6.964
9863,53.200,6.248
3512,52.092,5.123
3334,51.814,4.610
5529,51.397,5.239
5321,51.748,5.260
2661,51.989,4.503
1046,52.391,4.785
1796,53.092,4.765
3352,51.841,4.691
9038,53.226,5.717
8742,53.088,5.544
7985,52.874,6.367
9619,53.193,6.779
5102,51.634,4.930
9064,53.265,5.889
2496,52.048,4.377
6585,51.752,5.885
6515,51.879,5.846
9212,53.086,6.044
8527,52.938,5.728
1352,52.344,5.214
4385,51.462,3.575
4702,51.537,4.472
4225,51.901,4.942
8602,53.041,5.657
5528,51.397,5.271
1761,52.862,4.824
1332,52.409,5.253
3905,52.033,5.549
3731,52.109,5.176
7596,52.353,6.925
3454,52.082,5.036
9696,53.144,7.142
5911,51.371,6.172
5825,51.571,5.946
8731,53.108,5.589
7131,51.988,6.569
1151,52.433,4.997
2318,52.181,4.503
1965,52.502,4.668
2616,52.021,4.373
6671,51.927,5.714
4315,51.690,3.982
6273,50.818,5.860
3546,52.046,5.048
3743,52.211,5.282
7441,52.360,6.458
4032,51.942,5.487
9885,53.313,6.305
1021,52.385,4.917
9989,53.392,6.558
9893,53.301,6.493
9102,53.333,5.998
6274,50.800,5.839
5803,51.532,5.992
1319,52.392,5.176
9144,53.371,5.994
7321,52.214,5.985
5018,51.557,5.109
4696,51.587,4.014
4793,51.638,4.470
7889,52.766,7.002
6031,51.286,5.748
1613,52.694,5.225
1081,52.328,4.862
2675,52.008,4.230
6037,51.221,5.826
5752,51.478,5.799
1946,52.492,4.675
8761,53.005,5.433
5673,51.473,5.564
5663,51.417,5.546
2643,52.004,4.442
6467,50.866,6.026
2984,51.871,4.616
2524,52.053,4.314
4335,51.490,3.601
9722,53.198,6.587
1616,52.694,5.178
6325,50.861,5.789
2551,52.059,4.237
1272,52.292,5.222
5037,51.558,5.054
7215,52.206,6.237
8336,52.814,6.097
4623,51.493,4.313
5571,51.318,5.350
4143,51.899,5.091
6881,51.998,5.973
7522,52.238,6.871
6343,50.878,5.885
5343,51.749,5.516
3734,52.141,5.239
3945,51.996,5.306
7965,52.697,6.262
2802,52.007,4.700
2809,52.005,4.684
3295,51.777,4.614
7611,52.378,6.629
5935,51.334,6.128
7041,51.877,6.253
7910,52.748,6.585
9465,53.000,6.686
1619,52.744,5.211
3562,52.116,5.116
9214,53.103,6.014
3816,52.153,5.408
3606,52.127,5.039
3819,52.155,5.349
3851,52.299,5.621
5845,51.626,5.881
1071,52.355,4.879
9041,53.242,5.650
2151,52.267,4.617
6634,51.824,5.630
6012,51.189,5.780
1091,52.356,4.914
5854,51.603,6.052
5553,51.357,5.472
4006,51.879,5.412
9725,53.208,6.569
8398,52.831,6.017
9448,52.964,6.656
1602,52.713,5.274
3449,52.085,4.862
3117,51.913,4.387
7544,52.192,6.878
7346,52.218,5.871
1411,52.297,5.158
4016,51.885,5.357
7313,52.220,5.931
6217,50.856,5.669
1067,52.379,4.799
5327,51.810,5.315
1792,53.040,4.846
9423,52.906,6.391
6562,51.770,5.942
2284,52.040,4.315
9873,53.241,6.206
1985,52.447,4.638
6276,50.775,5.876
1485,52.572,4.835
1356,52.339,5.238
6226,50.848,5.726
5988,51.322,5.999
6287,50.827,5.940
9832,53.227,6.452
5804,51.537,5.970
5503,51.415,5.411
1509,52.469,4.835
8445,52.939,5.932
6042,51.198,6.012
2314,52.151,4.516
1631,52.602,4.972
1738,52.727,4.830
4568,51.299,4.162
1437,52.280,4.735
1022,52.399,4.930
9022,53.130,5.719
3077,51.896,4.559
7847,52.814,6.825
7622,52.300,6.754
9086,53.178,5.839
1324,52.364,5.208
7663,52.442,6.820
4156,51.882,5.178
2586,52.109,4.280
5655,51.415,5.440
4759,51.642,4.531
6166,50.972,5.841
8096,52.444,5.906
8166,52.317,5.964
4339,51.483,3.660
5085,51.460,5.138
2583,52.095,4.264
2481,52.170,4.635
6101,51.106,5.874
1756,52.836,4.757
2715,52.056,4.474
9365,53.157,6.326
4461,51.504,3.892
1405,52.277,5.152
9999,53.361,6.598
7543,52.206,6.877
7844,52.711,6.848
8753,53.083,5.391
8853,53.227,5.526
3039,51.930,4.460
1534,52.517,4.792
6956,52.058,6.112
5453,51.704,5.730
1244,52.261,5.106
6365,50.941,5.882
1641,52.648,4.940
2905,51.940,4.600
6041,51.194,5.986
3353,51.828,4.691
5709,51.481,5.700
5725,51.380,5.768
6028,51.286,5.554
9766,53.180,6.538
6537,51.812,5.795
5176,51.625,5.012
1011,52.371,4.904
2224,52.198,4.414
4797,51.686,4.440
5627,51.485,5.444
1188,52.280,4.850
9932,53.320,6.896
4163,51.878,5.072
8076,52.335,5.821
7004,51.954,6.321
5311,51.800,5.203
8385,52.876,6.187
6921,51.950,6.019
6579,51.863,6.011
6371,50.901,6.016
4921,51.677,4.793
5384,51.731,5.528
5476,51.655,5.552
5466,51.605,5.503
2204,52.272,4.474
7942,52.705,6.190
9937,53.288,6.914
8517,52.944,5.781
8411,52.995,6.122
6281,50.793,5.925
9872,53.236,6.211
8561,52.898,5.582
7891,52.724,6.988
2415,52.078,4.814
5925,51.376,6.129
9621,53.216,6.798
2717,52.067,4.475
5977,51.402,5.951
5296,51.612,5.292
6661,51.923,5.849
2324,52.145,4.472
1393,52.274,5.030
9079,53.277,5.609
7103,51.980,6.722
2244,52.112,4.354
5223,51.691,5.282
2042,52.371,4.532
5353,51.819,5.611
8401,53.005,6.068
3554,52.113,5.093
2405,52.130,4.661
5705,51.470,5.670
4336,51.485,3.615
5084,51.508,5.156
1112,52.332,4.959
5328,51.801,5.329
9409,53.013,6.612
9449,52.967,6.672
4464,51.514,3.907
4231,51.919,4.994
8438,52.916,6.273
8733,53.126,5.613
6109,51.113,5.831
9152,53.357,5.920
7107,51.940,6.772
1685,52.676,5.061
1191,52.295,4.912
3026,51.913,4.443
8393,52.872,6.121
9302,53.133,6.404
7902,52.725,6.483
4431,51.459,3.904
4416,51.449,4.033
1736,52.741,4.839
3702,52.090,5.236
6672,51.933,5.699
8857,53.196,5.459
7551,52.266,6.792
5815,51.530,5.928
9281,53.186,6.135
5402,51.666,5.618
6451,50.968,5.982
3761,52.187,5.291
6676,51.934,5.788
6536,51.801,5.809
9685,53.171,7.047
5754,51.464,5.814
6951,52.056,6.099
4942,51.703,4.877
2492,52.066,4.410
7574,52.300,6.936
3142,51.926,4.254
7065,51.916,6.451
3921,51.986,5.501
7064,51.909,6.388
8019,52.506,6.073
7447,52.398,6.449
3652,52.158,4.864
8377,52.778,5.957
3241,51.758,4.168
9008,53.117,5.785
1087,52.354,5.001
5582,51.398,5.471
3146,51.938,4.225
8345,52.794,6.168
9333,53.093,6.444
8525,52.959,5.722
5671,51.475,5.548
1544,52.474,4.802
6611,51.762,5.788
6231,50.885,5.749
7437,52.249,6.295
7963,52.763,6.361
7428,52.234,6.252
7756,52.675,6.812
3115,51.905,4.381
1066,52.346,4.816
8334,52.798,6.094
7122,51.925,6.564
9081,53.225,5.820
3601,52.145,5.044
1154,52.427,5.074
7571,52.313,6.928
5913,51.368,6.184
8301,52.708,5.757
1731,52.754,4.903
6003,51.267,5.708
5617,51.447,5.457
6107,51.131,5.850
6267,50.830,5.764
2724,52.065,4.509
1561,52.500,4.766
7106,51.980,6.804
2641,52.019,4.434
5801,51.524,5.968
5014,51.567,5.093
8091,52.462,6.000
9173,53.334,5.853
8939,53.182,5.838
8856,53.213,5.469
1187,52.281,4.827
5464,51.632,5.564
5966,51.446,5.965
3628,52.151,4.952
5317,51.764,5.164
7916,52.681,6.577
8537,52.871,5.797
2564,52.068,4.257
5242,51.711,5.369
3831,52.136,5.435
9137,53.379,6.052
9442,52.882,6.643
3645,52.220,4.934
2517,52.084,4.283
8511,53.012,5.772
4698,51.571,4.199
9684,53.197,7.091
4454,51.424,3.739
7414,52.275,6.146
5654,51.421,5.458
8894,53.391,5.308
1019,52.373,4.939
4318,51.732,3.901
5645,51.424,5.511
5684,51.502,5.389
3261,51.821,4.426
3066,51.935,4.550
5271,51.644,5.351
8219,52.489,5.535
2274,52.074,4.351
3071,51.909,4.503
7136,52.007,6.519
3735,52.122,5.241
9607,53.168,6.720
6852,51.943,5.925
8346,52.814,6.120
8711,52.977,5.445
9335,53.039,6.461
8102,52.385,6.278
1794,53.090,4.877
8922,53.210,5.804
1733,52.741,4.898
8452,52.932,5.928
5811,51.490,6.033
3013,51.924,4.471
9995,53.365,6.634
6153,50.973,5.887
1972,52.459,4.612
2243,52.126,4.373
4328,51.694,3.728
5871,51.496,6.157
1505,52.431,4.840
8465,52.956,5.872
7323,52.230,5.992
8375,52.821,5.974
7954,52.615,6.183
2902,51.925,4.579
3165,51.870,4.418
8414,52.951,6.060
8916,53.207,5.782
5449,51.650,5.860
9133,53.377,6.143
2967,51.934,4.884
6278,50.782,5.856
7928,52.772,6.495
8262,52.562,5.903
4474,51.521,3.944
5963,51.437,6.039
1724,52.712,4.805
8477,52.912,5.993
4103,51.948,5.231
3438,52.046,5.090
3995,52.028,5.173
4655,51.605,4.263
5615,51.429,5.475
4841,51.599,4.712
9258,53.212,6.065
6085,51.211,5.942
3791,52.137,5.494
9718,53.217,6.551
3086,51.874,4.469
1059,52.349,4.847
6442,50.951,5.980
8941,53.169,5.805
6629,51.834,5.582
4905,51.650,4.850
4417,51.450,4.004
1464,52.559,4.880
7535,52.213,6.915
3016,51.909,4.478
5836,51.635,5.964
8339,52.815,6.058
3264,51.809,4.345
6662,51.915,5.842
1655,52.705,5.003
6342,50.861,5.866
8843,53.142,5.607
9991,53.346,6.642
6883,51.989,5.983
6005,51.234,5.734
3319,51.795,4.702
5307,51.788,5.078
9132,53.321,6.141
5397,51.806,5.436
8055,52.459,6.180
1382,52.312,5.035
6812,51.984,5.880
6162,50.976,5.833
4484,51.557,3.805
8407,53.020,6.044
7152,52.095,6.661
6142,51.000,5.827
2171,52.224,4.516
6882,51.990,5.971
6255,50.772,5.819
2751,52.045,4.579
7334,52.189,5.958
7055,51.963,6.479
6684,51.890,5.869
3626,52.195,4.979
7352,52.110,5.878
4782,51.691,4.614
8435,53.019,6.237
2283,52.043,4.323
6416,50.884,5.997
4815,51.598,4.768
5814,51.482,5.957
5513,51.446,5.339
7006,51.964,6.260
8474,52.892,6.047
9654,53.079,6.800
1486,52.554,4.796
5364,51.741,5.746
3255,51.691,4.212
4754,51.613,4.442
2518,52.081,4.294
5951,51.311,6.118
4301,51.650,3.917
1991,52.433,4.660
5981,51.328,5.979
3425,52.029,4.888
4365,51.516,3.513
7415,52.269,6.165
9773,53.303,6.531
3708,52.077,5.260
8487,52.890,5.956
2808,52.005,4.720
9514,52.987,6.850
4462,51.492,3.896
1645,52.628,4.900
7766,52.648,6.989
7083,51.872,6.421
8608,53.024,5.649
7586,52.237,7.036
7786,52.595,6.698
3196,51.888,4.357
3072,51.902,4.494
9913,53.339,6.781
6982,52.007,6.145
7011,51.932,6.350
5665,51.419,5.575
9585,52.981,7.011
8277,52.584,5.935
8434,53.055,6.280
8936,53.193,5.821
4695,51.550,4.076
4433,51.426,3.911
5682,51.516,5.391
3114,51.905,4.404
1769,52.771,4.829
7348,52.176,5.831
3471,52.116,4.894
6438,50.949,5.911
4266,51.731,5.053
3038,51.935,4.465
8223,52.523,5.486
6677,51.887,5.788
8622,52.979,5.650
3014,51.919,4.467
5975,51.408,6.033
1047,52.403,4.759
9831,53.256,6.460
6987,51.994,6.068
6953,52.044,6.108
8464,52.932,5.860
6816,52.018,5.875
6833,51.966,5.917
1504,52.437,4.850
7781,52.643,6.593
8493,53.040,5.780
9515,52.997,6.907
7833,52.712,6.860
5473,51.653,5.480
5463,51.609,5.551
6097,51.182,5.892
6122,51.042,5.811
3566,52.121,5.124
6461,50.864,6.068
8382,52.845,6.184
3362,51.822,4.786
6832,51.963,5.910
5591,51.382,5.572
7234,52.088,6.262
3912,51.966,5.565
2911,51.960,4.618
9412,52.871,6.520
2563,52.073,4.271
2957,51.887,4.678
1521,52.495,4.791
4443,51.453,3.852
3328,51.777,4.675
3439,52.038,5.106
7419,52.249,6.143
5351,51.769,5.574
8106,52.383,6.322
1507,52.442,4.805
3631,52.196,5.008
9105,53.296,5.947
2431,52.166,4.828
8813,53.197,5.574
3032,51.929,4.478
6114,51.066,5.860
2548,52.029,4.290
8642,53.084,5.664
5521,51.356,5.316
3059,51.980,4.588
7908,52.716,6.449
3053,51.960,4.471
2286,52.026,4.316
7255,52.052,6.318
4254,51.815,4.950
3234,51.891,4.135
3848,52.348,5.646
3941,52.039,5.336
3121,51.934,4.379
2611,52.012,4.360
2014,52.373,4.615
7225,52.044,6.128
6417,50.875,5.982
8931,53.187,5.786
9613,53.227,6.654
2585,52.092,4.302
5439,51.747,5.831
1766,52.835,4.864
1309,52.399,5.202
1633,52.620,4.954
2216,52.230,4.490
5554,51.350,5.456
5356,51.788,5.676
5363,51.750,5.719
9616,53.198,6.707
7038,51.903,6.260
5165,51.685,4.948
7496,52.200,6.637
4675,51.622,4.158
1403,52.267,5.180
1778,52.892,4.929
1477,52.545,4.980
1964,52.508,4.664
4438,51.419,3.804
4796,51.660,4.457
2407,52.115,4.691
3035,51.933,4.481
7678,52.422,6.731
3744,52.214,5.238
1044,52.405,4.809
5404,51.652,5.617
8451,52.935,5.956
3853,52.303,5.597
8276,52.518,6.004
5465,51.591,5.541
5222,51.704,5.275
6001,51.254,5.706
9679,53.174,6.974
1427,52.231,4.834
9798,53.247,6.654
7938,52.767,6.604
1606,52.666,5.211
6914,51.883,6.102
9627,53.240,6.839
6024,51.238,5.578
6586,51.737,5.920
2231,52.191,4.441
2024,52.406,4.640
7451,52.281,6.421
5171,51.658,5.033
4413,51.432,4.112
6095,51.227,5.881
1846,52.580,4.779
7214,52.225,6.207
9497,53.095,6.544
8495,53.049,5.894
5651,51.450,5.443
3792,52.139,5.516
2376,52.208,4.618
8845,53.110,5.538
5036,51.571,4.990
9047,53.251,5.595
5381,51.709,5.465
3046,51.963,4.416
7731,52.524,6.421
6904,51.932,6.059
8801,53.186,5.542
7475,52.237,6.506
7345,52.255,5.955
7217,52.200,6.292
6842,51.959,5.879
8308,52.641,5.725
1182,52.310,4.847
6596,51.726,5.948
4571,51.268,3.910
8171,52.290,5.973
9124,53.348,6.077
3311,51.814,4.669
2471,52.106,4.727
9206,53.114,6.069
9987,53.394,6.759
6658,51.881,5.516
4634,51.430,4.304
7534,52.211,6.962
7336,52.197,5.943
4505,51.341,3.450
7941,52.696,6.191
7203,52.150,6.214
9264,53.131,5.946
4023,51.956,5.358
3373,51.833,4.837
8491,53.050,5.838
5394,51.821,5.504
5446,51.657,5.819
4475,51.529,3.896
7075,51.916,6.334
5964,51.454,6.022
4209,51.845,4.926
6432,50.923,5.917
8384,52.857,6.162
3766,52.167,5.281
9919,53.331,6.747
1755,52.767,4.662
9865,53.169,6.201
4101,51.957,5.230
2225,52.203,4.399
9083,53.220,5.810
7754,52.725,6.748
2865,51.928,4.809
3199,51.945,4.036
5383,51.705,5.476
8147,52.490,6.391
7317,52.235,5.971
3732,52.108,5.185
3401,52.021,5.040
4849,51.594,4.862
6657,51.884,5.549
5843,51.581,5.864
9207,53.121,6.093
9247,53.096,6.169
8539,52.871,5.819
6591,51.695,5.977
5091,51.472,5.250
6521,51.839,5.874
1861,52.667,4.700
7512,52.214,6.898
1035,52.420,4.894
6999,52.004,6.239
6675,51.912,5.789
9917,53.318,6.788
6363,50.906,5.886
2285,52.036,4.304
3904,52.018,5.541
8448,52.961,5.948
2102,52.353,4.630
7232,52.132,6.234
7914,52.724,6.535
3896,52.272,5.426
8154,52.438,6.305
4481,51.496,3.912
3843,52.336,5.633
4185,51.852,5.315
6957,52.079,6.075
9364,53.151,6.303
9088,53.149,5.803
5335,51.787,5.344
5264,51.674,5.288
3991,52.022,5.165
3249,51.711,4.086
3741,52.218,5.285
1073,52.353,4.898
4859,51.552,4.855
2245,52.115,4.379
1093,52.362,4.928
9311,53.130,6.395
7872,52.845,6.892
5534,51.404,5.208
5052,51.527,5.049
8831,53.151,5.632
9297,53.264,6.107
2562,52.075,4.282
6994,52.019,6.063
9147,53.363,5.966
6374,50.916,6.048
6631,51.855,5.611
8075,52.293,5.781
7556,52.275,6.790
6116,51.081,5.816
9455,52.951,6.572
4507,51.355,3.556
7623,52.303,6.765
9533,52.954,6.791
4153,51.890,5.192
5986,51.337,5.943
7524,52.253,6.907
7326,52.195,6.010
5809,51.508,5.979
2063,52.414,4.678
7165,52.144,6.658
7461,52.307,6.525
2289,52.034,4.349
5741,51.534,5.629
7413,52.261,6.159
5233,51.715,5.321
6167,50.989,5.798
9067,53.262,5.915
7135,51.979,6.514
6227,50.838,5.728
8274,52.529,5.967
6744,52.060,5.581
7101,51.971,6.723
6163,50.983,5.820
5724,51.425,5.743
5491,51.572,5.461
9304,53.115,6.458
6845,51.947,5.870
3143,51.918,4.253
8472,52.880,6.011
5511,51.397,5.346
9103,53.316,6.008
1165,52.386,4.750
6014,51.172,5.822
5721,51.405,5.751
3344,51.832,4.646
6135,51.008,5.854
6447,50.955,5.935
7811,52.783,6.895
4197,51.894,5.292
6655,51.878,5.590
5061,51.581,5.187
9923,53.369,6.717
3256,51.685,4.280
5095,51.388,5.126
7931,52.740,6.455
7895,52.840,7.031
6004,51.254,5.727
5046,51.572,5.077
7273,52.110,6.577
5035,51.584,4.980
9541,53.026,7.115
4201,51.830,4.975
1783,52.943,4.735
5561,51.355,5.384
3054,51.960,4.491
7787,52.612,6.706
6091,51.250,5.837
8752,53.073,5.337
1217,52.230,5.163
7631,52.408,6.901
3956,52.014,5.427
2432,52.171,4.853
8355,52.729,6.076
1969,52.507,4.647
9843,53.262,6.306
3207,51.838,4.360
8383,52.839,6.165
7443,52.374,6.477
3835,52.153,5.436
5026,51.540,5.065
9262,53.176,6.006
4924,51.709,4.805
9957,53.382,6.486
5104,51.624,4.943
8918,53.216,5.794
3223,51.843,4.150
8432,53.039,6.308
9315,53.170,6.469
9931,53.335,6.902
8515,52.920,5.801
6624,51.818,5.393
3351,51.831,4.681
5971,51.420,6.141
3754,52.254,5.329
8462,52.911,5.908
9076,53.277,5.659
7887,52.712,6.925
6127,51.040,5.774
9833,53.270,6.444
8028,52.542,6.177
8616,53.016,5.548
7858,52.873,6.769
9414,52.921,6.541
9334,53.059,6.497
1821,52.627,4.762
9204,53.098,6.071
6511,51.846,5.863
7828,52.733,6.908
4811,51.588,4.776
5506,51.416,5.386
5685,51.501,5.374
7577,52.324,6.918
6687,51.915,5.955
8651,53.011,5.622
3162,51.856,4.476
3145,51.933,4.232
9146,53.358,6.006
7795,52.528,6.556
2561,52.076,4.277
7739,52.582,6.361
8404,52.985,6.007
5236,51.733,5.327
5944,51.483,6.191
5985,51.362,5.940
1484,52.561,4.834
4835,51.570,4.787
9609,53.187,6.648
9265,53.179,5.924
3781,52.189,5.625
1782,52.957,4.754
7778,52.589,6.673
1795,53.146,4.848
3711,52.080,5.314
5943,51.448,6.173
5345,51.767,5.502
5283,51.589,5.339
1767,52.793,4.891
6931,51.959,5.970
4515,51.321,3.617
6061,51.122,6.031
9566,53.054,7.129
2133,52.311,4.669
5044,51.576,5.038
6044,51.182,6.009
3812,52.161,5.366
1826,52.657,4.764
4196,51.891,5.267
2355,52.170,4.581
1438,52.287,4.783
2013,52.382,4.624
7427,52.248,6.241
3552,52.106,5.103
3583,52.085,5.143
4535,51.315,3.856
3193,51.868,4.349
7126,51.943,6.620
1092,52.356,4.923
9451,52.983,6.652
6436,50.939,5.922
9949,53.297,7.016
7875,52.877,6.868
6821,51.990,5.913
6964,52.110,6.097
4303,51.658,3.930
1086,52.363,4.982
3432,52.022,5.093
5552,51.360,5.453
7676,52.458,6.622
1646,52.623,4.876
6456,50.970,5.937
3131,51.909,4.338
8016,52.482,6.103
5348,51.770,5.537
4612,51.499,4.268
9908,53.373,6.814
7077,51.855,6.315
8722,52.899,5.404
8627,53.058,5.714
7853,52.841,6.726
1336,52.404,5.317
6641,51.860,5.768
8194,52.378,6.092
3253,51.806,3.912
6336,50.890,5.854
6534,51.814,5.822
2711,52.062,4.493
1658,52.748,5.018
8631,53.052,5.668
6174,50.954,5.848
8449,52.990,5.911
5344,51.753,5.505
8111,52.330,6.279
6294,50.786,5.961
1109,52.306,5.016
1104,52.316,4.978
5846,51.636,5.871
7964,52.783,6.333
7984,52.847,6.337
6712,52.047,5.660
7827,52.748,6.890
5235,51.727,5.308
8833,53.152,5.679
3372,51.824,4.884
6615,51.823,5.698
5824,51.575,6.007
8514,52.930,5.809
3892,52.324,5.541
7331,52.201,5.969
2287,52.033,4.322
5962,51.461,6.086
6702,51.964,5.652
7591,52.381,7.009
1475,52.588,4.976
6922,51.942,6.007
9691,53.188,7.201
8211,52.536,5.513
3822,52.182,5.404
2546,52.058,4.274
8079,52.513,5.878
7572,52.312,6.923
1481,52.504,5.023
6155,50.954,5.872
2313,52.151,4.499
4565,51.254,4.064
6605,51.798,5.726
1721,52.679,4.803
3899,52.356,5.501
1012,52.373,4.895
8531,52.849,5.704
7045,51.887,6.304
2909,51.916,4.547
3028,51.917,4.421
1962,52.512,4.678
1811,52.631,4.749
8872,53.183,5.446
9077,53.278,5.704
2215,52.225,4.489
2925,51.919,4.620
7007,51.954,6.268
8304,52.701,5.758
1175,52.353,4.757
7738,52.563,6.389
1702,52.665,4.839
1695,52.662,5.087
3563,52.119,5.099
6576,51.857,5.936
9014,53.074,5.738
6843,51.960,5.862
8834,53.142,5.669
7467,52.336,6.522
8261,52.557,5.917
8459,52.994,5.925
4708,51.517,4.437
3842,52.345,5.634
9023,53.145,5.712
7046,51.912,6.299
5916,51.386,6.195
9936,53.320,6.931
9434,52.836,6.605
1014,52.391,4.867
9726,53.213,6.553
2191,52.302,4.544
1611,52.695,5.244
9289,53.201,6.114
8278,52.501,5.935
8506,52.953,5.829
3332,51.824,4.652
4311,51.664,4.087
4528,51.279,3.504
2374,52.184,4.557
7933,52.775,6.456
7705,52.622,6.499
8198,52.413,6.124
1948,52.483,4.679
6952,52.052,6.092
3137,51.936,4.346
4373,51.497,3.523
7545,52.213,6.864
4781,51.703,4.629
5355,51.805,5.646
4697,51.600,4.101
8172,52.282,5.957
9912,53.347,6.798
3526,52.069,5.101
3723,52.136,5.202
9288,53.216,6.095
6598,51.673,5.991
2495,52.061,4.365
3998,51.991,5.191
7434,52.277,6.274
7495,52.261,6.668
4333,51.512,3.609
8497,53.087,5.900
8112,52.321,6.343
1031,52.389,4.906
8231,52.519,5.468
1422,52.247,4.825
1566,52.473,4.748
9615,53.179,6.742
3144,51.925,4.243
8883,53.377,5.269
9466,53.036,6.664
3044,51.929,4.422
7715,52.605,6.266
2645,52.004,4.395
9045,53.235,5.706
6269,50.822,5.822
8885,53.375,5.275
1243,52.240,5.123
3641,52.206,4.862
8311,52.724,5.643
9983,53.419,6.771
9828,53.202,6.442
6566,51.863,6.046
4363,51.546,3.507
1357,52.334,5.230
4414,51.419,4.072
9312,53.158,6.397
8326,52.675,6.004
3402,52.026,5.050
9844,53.283,6.270
8494,53.058,5.850
7679,52.462,6.719
1315,52.371,5.218
7468,52.295,6.577
2804,52.032,4.708
8756,53.037,5.410
8052,52.481,6.053
5641,51.447,5.520
4014,51.871,5.367
4901,51.646,4.862
3257,51.683,4.347
2973,51.876,4.824
2035,52.364,4.660
4652,51.591,4.317
5081,51.490,5.135
9602,53.153,6.746
3354,51.829,4.700
3925,52.080,5.489
5656,51.411,5.456
4388,51.466,3.604
9111,53.296,5.878
4772,51.644,4.663
4107,51.939,5.190
7036,51.928,6.200
1705,52.648,4.822
7547,52.222,6.838
9793,53.310,6.744
5621,51.455,5.457
6015,51.165,5.802
9531,52.923,6.792
6411,50.887,5.976
8305,52.714,5.785
4434,51.434,3.878
5232,51.707,5.329
4851,51.548,4.801
8426,52.952,6.351
9905,53.358,6.874
2315,52.163,4.510
9945,53.255,6.933
4569,51.329,4.102
4361,51.527,3.445
2223,52.191,4.423
2543,52.040,4.260
2547,52.062,4.268
8775,52.982,5.487
4024,51.969,5.455
5928,51.389,6.133
3751,52.242,5.379
8724,52.952,5.492
3031,51.927,4.491
3959,52.033,5.498
8141,52.438,6.236
2037,52.356,4.662
5253,51.692,5.180
6535,51.806,5.828
7692,52.511,6.577
7392,52.235,6.121
2651,51.994,4.476
7399,52.151,6.131
3958,52.002,5.459
1482,52.481,5.001
9628,53.249,6.868
8386,52.888,6.253
8421,52.938,6.131
9611,53.164,6.788
5368,51.802,5.584
9614,53.215,6.665
6874,52.007,5.792
6573,51.829,5.928
1774,52.847,4.970
3442,52.083,4.876
6828,51.981,5.922
3864,52.195,5.466
4384,51.462,3.552
8021,52.517,6.097
4617,51.478,4.275
7935,52.777,6.441
5722,51.410,5.759
6118,51.037,5.862
7625,52.323,6.724
4131,51.992,5.102
6717,52.024,5.660
7595,52.350,6.859
5255,51.729,5.157
8446,52.951,5.916
7061,51.921,6.355
9939,53.278,6.880
3274,51.824,4.488
2901,51.917,4.565
7975,52.790,6.281
6277,50.769,5.859
1853,52.592,4.700
8747,53.084,5.423
7204,52.136,6.208
2334,52.172,4.482
9241,53.053,6.202
3455,52.121,4.997
8758,53.044,5.447
9136,53.401,6.087
4353,51.549,3.596
9032,53.182,5.712
6312,50.863,5.893
7798,52.594,6.595
4423,51.463,3.998
9645,53.116,6.881
7608,52.378,6.680
9051,53.261,5.765
7764,52.694,6.864
7141,52.041,6.612
9299,53.247,6.048
3084,51.877,4.467
9914,53.349,6.760
1511,52.440,4.875
3466,52.060,4.822
7274,52.139,6.522
3118,51.919,4.382
6544,51.831,5.814
7761,52.665,6.883
8412,53.004,6.163
8461,52.936,5.895
7784,52.613,6.641
6665,51.959,5.813
9715,53.233,6.568
5053,51.532,5.079
7696,52.548,6.620
5405,51.654,5.644
6814,51.990,5.896
8927,53.220,5.831
6645,51.880,5.705
3571,52.107,5.132
9164,53.452,5.801
9954,53.355,6.540
2131,52.308,4.684
3433,52.010,5.100
5256,51.734,5.139
8808,53.209,5.544
1487,52.548,4.812
1788,52.890,4.742
NULL,51.955,5.329
7638,52.420,6.871
2461,52.178,4.712
1679,52.717,5.074
9138,53.363,6.047
5623,51.460,5.478
1078,52.346,4.898
8523,52.929,5.712
2935,51.940,4.639
9496,53.114,6.525
7588,52.355,7.003
7597,52.334,6.805
7315,52.229,5.954
4506,51.376,3.395
8635,53.089,5.696
5766,51.443,5.885
3122,51.932,4.370
9222,53.134,6.145
7946,52.700,6.107
7991,52.837,6.374
7665,52.369,6.759
6092,51.250,5.848
2311,52.156,4.490
8243,52.506,5.449
4317,51.686,3.939
1037,52.425,4.860
8447,52.963,5.904
9561,52.877,7.059
3314,51.802,4.663
9407,53.018,6.561
9774,53.275,6.534
3191,51.861,4.366
8807,53.185,5.495
7921,52.671,6.427
2988,51.856,4.584
1428,52.227,4.787
8915,53.209,5.770
4337,51.490,3.628
2162,52.246,4.559
4327,51.702,3.814
6104,51.053,5.952
1691,52.707,5.099
6161,50.968,5.823
5373,51.770,5.638
5359,51.772,5.694
2511,52.078,4.318
1689,52.668,5.067
8552,52.960,5.634
4435,51.406,3.887
4141,51.892,5.098
3151,51.981,4.133
8629,53.062,5.678
8131,52.388,6.145
2574,52.064,4.277
1764,52.888,4.809
3341,51.846,4.647
6913,51.892,6.082
4247,51.863,5.048
5757,51.414,5.823
8583,52.895,5.503
7328,52.202,5.988
2435,52.185,4.793
7525,52.257,6.934
2676,51.958,4.216
5646,51.418,5.510
1621,52.640,5.060
9483,53.069,6.651
3768,52.161,5.308
3467,52.017,4.817
5643,51.423,5.501
7324,52.241,5.998
4485,51.568,3.882
4323,51.729,3.817
5689,51.498,5.313
7244,52.124,6.441
9656,53.077,6.766
4794,51.654,4.412
2861,51.934,4.786
8762,53.006,5.489
9811,53.216,6.410
8488,52.898,5.988
9755,53.155,6.642
1843,52.583,4.848
1732,52.769,4.882
3722,52.128,5.212
1391,52.273,4.972
1426,52.208,4.817
1117,52.311,4.809
6903,51.939,6.069
8924,53.208,5.821
9269,53.239,5.990
3706,52.101,5.226
9953,53.361,6.515
9007,53.120,5.812
9141,53.400,6.014
6083,51.245,5.962
8923,53.215,5.813
2232,52.194,4.449
6089,51.299,5.897
5626,51.478,5.430
6013,51.190,5.811
2951,51.866,4.663
7391,52.235,6.102
1683,52.707,5.139
6218,50.864,5.657
5146,51.674,5.041
8854,53.236,5.512
1313,52.383,5.198
4158,51.884,5.241
3701,52.086,5.244
9211,53.083,6.067
6288,50.845,5.782
8017,52.498,6.094
1251,52.254,5.228
7202,52.149,6.195
8899,53.298,5.067
7672,52.413,6.614
8861,53.175,5.426
5011,51.585,5.086
9693,53.182,7.208
7411,52.252,6.159
9104,53.289,5.995
5461,51.619,5.545
1941,52.483,4.658
6191,50.941,5.802
2672,51.993,4.216
4124,51.980,5.125
6121,51.033,5.810
1546,52.507,4.852
4681,51.589,4.220
4207,51.835,4.995
4491,51.584,3.748
1153,52.432,5.038
6574,51.836,5.903
6112,51.118,5.901
8932,53.192,5.792
1052,52.377,4.874
6983,52.002,6.128
1678,52.725,5.091
6071,51.231,6.042
5251,51.695,5.211
9489,53.013,6.521
9283,53.205,6.183
7681,52.460,6.567
1662,52.725,4.997
9618,53.219,6.740
3891,52.333,5.538
1349,52.343,5.317
3826,52.201,5.426
9021,53.111,5.732
2321,52.148,4.484
9812,53.216,6.408
1241,52.238,5.112
1311,52.368,5.179
6582,51.767,5.843
1461,52.519,4.942
9035,53.194,5.645
9852,53.296,6.235
1951,52.473,4.641
6512,51.839,5.856
4415,51.443,4.078
7693,52.481,6.636
4906,51.652,4.834
5658,51.441,5.410
9125,53.329,6.052
6421,50.928,5.952
5469,51.594,5.606
9853,53.305,6.269
4758,51.615,4.514
9526,52.956,6.834
8077,52.366,5.725
7602,52.370,6.658
3436,52.034,5.072
2381,52.119,4.498
3947,52.011,5.334
9946,53.272,7.030
9444,52.934,6.672
4264,51.778,5.103
2628,52.003,4.375
9107,53.313,5.914
5922,51.374,6.143
1688,52.692,5.056
3984,52.052,5.234
3333,51.811,4.632
6924,51.929,5.990
5107,51.617,4.929
7626,52.319,6.764
6674,51.909,5.741
3231,51.905,4.166
3897,52.354,5.465
7481,52.154,6.753
5411,51.696,5.677
9351,53.161,6.377
3194,51.868,4.368
2924,51.923,4.612
6733,52.110,5.715
1231,52.200,5.113
7601,52.346,6.671
8755,53.044,5.419
8319,52.644,5.775
8532,52.856,5.702
8536,52.872,5.770
3124,51.943,4.381
8344,52.775,6.156
3643,52.217,4.865
4693,51.546,4.143
6164,50.956,5.828
3972,52.050,5.275
3813,52.170,5.387
9143,53.396,6.048
4453,51.454,3.771
3755,52.252,5.259
7863,52.748,6.689
5334,51.769,5.304
5759,51.391,5.914
7751,52.693,6.757
8636,53.113,5.674
9984,53.430,6.816
2921,51.911,4.584
3198,51.932,4.158
6418,50.869,6.005
6942,51.937,6.136
7721,52.511,6.257
2941,51.900,4.685
1682,52.698,5.110
3525,52.063,5.119
7905,52.717,6.502
2907,51.950,4.583
5071,51.610,5.144
3993,52.040,5.174
7558,52.286,6.832
8454,52.937,5.999
9148,53.349,5.973
4182,51.841,5.284
5113,51.455,4.863
7466,52.332,6.498
1276,52.293,5.250
3737,52.126,5.155
1719,52.747,4.955
1445,52.502,4.982
2341,52.181,4.475
9603,53.155,6.765
7773,52.580,6.605
5388,51.704,5.562
1106,52.299,4.975
7105,52.001,6.756
4161,51.871,5.073
9591,53.034,7.041
5403,51.666,5.635
7081,51.873,6.375
5038,51.557,5.079
1823,52.635,4.761
5531,51.368,5.217
3888,52.247,5.778
7123,51.916,6.589
3172,51.849,4.401
4267,51.717,5.047
5294,51.616,5.369
9419,52.788,6.555
9006,53.130,5.827
2975,51.890,4.864
5308,51.782,5.130
9459,53.023,6.636
4128,51.961,5.033
3171,51.856,4.395
6891,52.004,5.961
5737,51.518,5.593
5853,51.651,6.098
9756,53.140,6.630
1871,52.706,4.695
6542,51.841,5.841
3293,51.753,4.599
6714,52.045,5.646
1341,52.358,5.283
5691,51.517,5.486
3238,51.881,4.218
1502,52.446,4.827
9622,53.241,6.671
6835,51.953,5.903
3055,51.960,4.505
6701,51.966,5.664
3063,51.916,4.515
1471,52.527,4.983
7691,52.525,6.615
8489,52.806,5.844
8744,53.082,5.483
9244,53.061,6.078
8606,53.028,5.671
4281,51.782,5.057
8502,52.972,5.813
5087,51.471,5.178
2741,52.045,4.656
1101,52.308,4.942
5753,51.451,5.791
3825,52.196,5.419
6704,51.983,5.692
6123,51.048,5.821
8505,52.986,5.788
9411,52.861,6.511
9712,53.222,6.563
7341,52.254,6.007
5628,51.480,5.472
3906,52.031,5.529
8741,53.070,5.570
1384,52.318,5.038
3245,51.756,4.151
2106,52.358,4.608
5912,51.361,6.166
8291,52.592,6.032
4871,51.586,4.651
8023,52.513,6.113
1759,52.844,4.705
7793,52.567,6.660
9231,53.181,6.169
6669,51.912,5.658
8658,53.014,5.518
8035,52.555,6.156
5672,51.465,5.549
4241,51.864,4.993
1053,52.367,4.868
6367,50.874,5.933
6006,51.241,5.700
7223,52.073,6.232
9084,53.178,5.804
8061,52.591,6.100
1115,52.332,4.939
7311,52.213,5.961
5924,51.367,6.131
2031,52.390,4.657
2253,52.140,4.458
1215,52.214,5.157
3481,52.091,4.960
4537,51.326,3.834
2271,52.072,4.369
9131,53.332,6.101
6877,52.077,5.903
2401,52.151,4.653
9255,53.210,5.912
3513,52.099,5.109
8572,52.866,5.496
3411,51.973,4.944
9036,53.215,5.661
5923,51.362,6.142
7047,51.926,6.264
7610,52.386,6.642
7271,52.116,6.520
2673,52.001,4.202
5325,51.750,5.197
3021,51.916,4.459
6711,52.042,5.675
2516,52.066,4.334
9699,53.074,7.126
4931,51.702,4.855
2272,52.084,4.375
7442,52.359,6.475
8455,52.946,6.019
6543,51.836,5.828
6844,51.948,5.858
3113,51.910,4.410
9481,53.073,6.577
9629,53.272,6.841
5835,51.673,5.934
1967,52.498,4.693
7851,52.797,6.733
8453,52.948,5.954
3543,52.104,5.046
4271,51.733,4.963
3441,52.086,4.885
9982,53.416,6.727
5631,51.461,5.494
8802,53.194,5.540
7983,52.858,6.264
5768,51.343,5.883
8806,53.149,5.487
5844,51.604,5.917
8507,52.922,5.826
7371,52.119,6.025
5056,51.585,5.142
9737,53.248,6.589
1976,52.456,4.578
8746,53.080,5.452
4471,51.534,3.815
8271,52.566,5.937
1433,52.235,4.751
4288,51.787,5.008
9089,53.140,5.782
4204,51.837,4.956
7332,52.198,5.980
3043,51.940,4.427
7242,52.157,6.404
9738,53.246,6.569
4341,51.505,3.679
6086,51.263,5.988
1787,52.896,4.738
2362,52.192,4.543
6685,51.887,5.929
7621,52.297,6.743
6372,50.888,6.016
3902,52.029,5.570
7842,52.771,6.818
4879,51.561,4.619
7821,52.771,6.912
5611,51.437,5.480
9791,53.277,6.696
9752,53.170,6.598
4117,51.899,5.350
3012,51.919,4.476
3527,52.077,5.093
6045,51.177,6.005
6065,51.127,5.948
9998,53.383,6.621
9486,53.034,6.571
6252,50.805,5.765
7044,51.884,6.266
7603,52.369,6.685
4539,51.298,3.876
4331,51.500,3.614
1562,52.506,4.759
4321,51.687,3.891
4529,51.248,3.452
3852,52.298,5.650
9677,53.157,7.011
3197,51.879,4.273
7642,52.354,6.586
5827,51.619,5.976
5142,51.690,5.083
4927,51.684,4.747
2841,51.991,4.666
6846,51.954,5.843
9013,53.083,5.748
4691,51.534,4.216
5248,51.706,5.384
3951,52.066,5.372
8391,52.888,6.143
8471,52.874,5.998
3461,52.063,4.917
5025,51.549,5.069
9658,53.052,6.803
5432,51.739,5.861
5932,51.334,6.152
